name,sku,slug,description,price,originPrice,status,categorySlugs
Váy Công sở màu Đen 1,SKU-0001,san-pham-mau-1,Mô tả chi tiết cho sản phẩm số 1,769000,808000,ACTIVE,giay-dep-nam
Túi Dự tiệc màu Đỏ 2,SKU-0002,san-pham-mau-2,Mô tả chi tiết cho sản phẩm số 2,149000,192000,INACTIVE,ao-nam
Quần Dạo phố màu Hồng 3,SKU-0003,san-pham-mau-3,Mô tả chi tiết cho sản phẩm số 3,257000,278000,DRAFT,thoi-trang-nu,ao-nam,thoi-trang-nam
Giày Công sở màu Hồng 4,SKU-0004,san-pham-mau-4,Mô tả chi tiết cho sản phẩm số 4,515000,541000,INACTIVE,thoi-trang-nam,giay-dep-nam
Váy Công sở màu Đỏ 5,SKU-0005,san-pham-mau-5,Mô tả chi tiết cho sản phẩm số 5,106000,151000,INACTIVE,thoi-trang-nam
Giày Dạo phố màu Xanh 6,SKU-0006,san-pham-mau-6,Mô tả chi tiết cho sản phẩm số 6,849000,891000,INACTIVE,thoi-trang-nu,quan-nam,ao-nam
Giày Công sở màu Hồng 7,SKU-0007,san-pham-mau-7,Mô tả chi tiết cho sản phẩm số 7,487000,509000,DRAFT,ao-nam,thoi-trang-nam,quan-nam
Giày Công sở màu Xanh 8,SKU-0008,san-pham-mau-8,Mô tả chi tiết cho sản phẩm số 8,201000,241000,INACTIVE,quan-nam,thoi-trang-nu
Túi Công sở màu Trắng 9,SKU-0009,san-pham-mau-9,Mô tả chi tiết cho sản phẩm số 9,302000,330000,DRAFT,quan-nam,ao-nam
Giày Thể thao màu Trắng 10,SKU-0010,san-pham-mau-10,Mô tả chi tiết cho sản phẩm số 10,182000,215000,DRAFT,quan-nam,giay-dep-nam
Áo Công sở màu Hồng 11,SKU-0011,san-pham-mau-11,Mô tả chi tiết cho sản phẩm số 11,974000,987000,ACTIVE,thoi-trang-nam,ao-nam,quan-nam
Giày Dự tiệc màu Trắng 12,SKU-0012,san-pham-mau-12,Mô tả chi tiết cho sản phẩm số 12,774000,817000,INACTIVE,quan-nam,ao-nam,giay-dep-nam
Túi Công sở màu Trắng 13,SKU-0013,san-pham-mau-13,Mô tả chi tiết cho sản phẩm số 13,555000,587000,ACTIVE,giay-dep-nam
Đầm Dạo phố màu Vàng 14,SKU-0014,san-pham-mau-14,Mô tả chi tiết cho sản phẩm số 14,397000,408000,ACTIVE,thoi-trang-nu
Áo Thể thao màu Vàng 15,SKU-0015,san-pham-mau-15,Mô tả chi tiết cho sản phẩm số 15,268000,304000,ACTIVE,ao-nam
Quần Thể thao màu Xanh 16,SKU-0016,san-pham-mau-16,Mô tả chi tiết cho sản phẩm số 16,133000,145000,INACTIVE,thoi-trang-nam
Áo Dự tiệc màu Đỏ 17,SKU-0017,san-pham-mau-17,Mô tả chi tiết cho sản phẩm số 17,403000,447000,DRAFT,quan-nam,thoi-trang-nam
Quần Dự tiệc màu Vàng 18,SKU-0018,san-pham-mau-18,Mô tả chi tiết cho sản phẩm số 18,898000,921000,ACTIVE,quan-nam
Giày Công sở màu Đen 19,SKU-0019,san-pham-mau-19,Mô tả chi tiết cho sản phẩm số 19,116000,126000,INACTIVE,ao-nam,thoi-trang-nu,giay-dep-nam
Quần Công sở màu Đen 20,SKU-0020,san-pham-mau-20,Mô tả chi tiết cho sản phẩm số 20,916000,945000,INACTIVE,ao-nam,thoi-trang-nu
Đầm Dự tiệc màu Hồng 21,SKU-0021,san-pham-mau-21,Mô tả chi tiết cho sản phẩm số 21,773000,805000,ACTIVE,ao-nam
Váy Dự tiệc màu Đỏ 22,SKU-0022,san-pham-mau-22,Mô tả chi tiết cho sản phẩm số 22,560000,584000,INACTIVE,thoi-trang-nam,thoi-trang-nu
Áo Dạo phố màu Xanh 23,SKU-0023,san-pham-mau-23,Mô tả chi tiết cho sản phẩm số 23,217000,249000,INACTIVE,thoi-trang-nam,ao-nam,giay-dep-nam
Váy Thể thao màu Đỏ 24,SKU-0024,san-pham-mau-24,Mô tả chi tiết cho sản phẩm số 24,230000,261000,ACTIVE,quan-nam
Đầm Thể thao màu Đen 25,SKU-0025,san-pham-mau-25,Mô tả chi tiết cho sản phẩm số 25,429000,455000,INACTIVE,ao-nam,giay-dep-nam,thoi-trang-nu
Đầm Thể thao màu Hồng 26,SKU-0026,san-pham-mau-26,Mô tả chi tiết cho sản phẩm số 26,110000,130000,INACTIVE,giay-dep-nam
Đầm Dự tiệc màu Đen 27,SKU-0027,san-pham-mau-27,Mô tả chi tiết cho sản phẩm số 27,725000,750000,DRAFT,thoi-trang-nam
Đầm Dự tiệc màu Đen 28,SKU-0028,san-pham-mau-28,Mô tả chi tiết cho sản phẩm số 28,281000,328000,ACTIVE,quan-nam
Túi Dạo phố màu Đen 29,SKU-0029,san-pham-mau-29,Mô tả chi tiết cho sản phẩm số 29,659000,708000,DRAFT,thoi-trang-nam,thoi-trang-nu
Giày Công sở màu Đỏ 30,SKU-0030,san-pham-mau-30,Mô tả chi tiết cho sản phẩm số 30,591000,640000,DRAFT,quan-nam
Quần Công sở màu Vàng 31,SKU-0031,san-pham-mau-31,Mô tả chi tiết cho sản phẩm số 31,101000,114000,ACTIVE,thoi-trang-nam,ao-nam,thoi-trang-nu
Túi Thể thao màu Trắng 32,SKU-0032,san-pham-mau-32,Mô tả chi tiết cho sản phẩm số 32,554000,570000,INACTIVE,ao-nam,thoi-trang-nu
Váy Dạo phố màu Trắng 33,SKU-0033,san-pham-mau-33,Mô tả chi tiết cho sản phẩm số 33,676000,720000,DRAFT,quan-nam,giay-dep-nam
Váy Công sở màu Đỏ 34,SKU-0034,san-pham-mau-34,Mô tả chi tiết cho sản phẩm số 34,899000,944000,ACTIVE,thoi-trang-nu,giay-dep-nam
Quần Dự tiệc màu Đỏ 35,SKU-0035,san-pham-mau-35,Mô tả chi tiết cho sản phẩm số 35,101000,126000,DRAFT,thoi-trang-nu,ao-nam
Đầm Công sở màu Xanh 36,SKU-0036,san-pham-mau-36,Mô tả chi tiết cho sản phẩm số 36,751000,766000,INACTIVE,quan-nam,ao-nam
Áo Thể thao màu Đen 37,SKU-0037,san-pham-mau-37,Mô tả chi tiết cho sản phẩm số 37,861000,900000,DRAFT,thoi-trang-nu,ao-nam
Túi Công sở màu Đen 38,SKU-0038,san-pham-mau-38,Mô tả chi tiết cho sản phẩm số 38,367000,401000,ACTIVE,giay-dep-nam,thoi-trang-nu
Túi Dự tiệc màu Trắng 39,SKU-0039,san-pham-mau-39,Mô tả chi tiết cho sản phẩm số 39,667000,692000,ACTIVE,thoi-trang-nu
Giày Dạo phố màu Xanh 40,SKU-0040,san-pham-mau-40,Mô tả chi tiết cho sản phẩm số 40,835000,874000,DRAFT,thoi-trang-nam,ao-nam,thoi-trang-nu
Áo Thể thao màu Đỏ 41,SKU-0041,san-pham-mau-41,Mô tả chi tiết cho sản phẩm số 41,464000,501000,INACTIVE,thoi-trang-nam,thoi-trang-nu,ao-nam
Váy Công sở màu Hồng 42,SKU-0042,san-pham-mau-42,Mô tả chi tiết cho sản phẩm số 42,883000,900000,INACTIVE,thoi-trang-nu,ao-nam,thoi-trang-nam
Giày Dự tiệc màu Hồng 43,SKU-0043,san-pham-mau-43,Mô tả chi tiết cho sản phẩm số 43,287000,331000,ACTIVE,thoi-trang-nam,ao-nam,quan-nam
Túi Công sở màu Đỏ 44,SKU-0044,san-pham-mau-44,Mô tả chi tiết cho sản phẩm số 44,361000,374000,ACTIVE,thoi-trang-nu,giay-dep-nam,ao-nam
Áo Công sở màu Vàng 45,SKU-0045,san-pham-mau-45,Mô tả chi tiết cho sản phẩm số 45,208000,224000,INACTIVE,thoi-trang-nam
Đầm Dự tiệc màu Trắng 46,SKU-0046,san-pham-mau-46,Mô tả chi tiết cho sản phẩm số 46,778000,798000,DRAFT,giay-dep-nam,quan-nam
Quần Dạo phố màu Đen 47,SKU-0047,san-pham-mau-47,Mô tả chi tiết cho sản phẩm số 47,144000,157000,ACTIVE,quan-nam,thoi-trang-nu
Đầm Dự tiệc màu Xanh 48,SKU-0048,san-pham-mau-48,Mô tả chi tiết cho sản phẩm số 48,404000,414000,DRAFT,thoi-trang-nu
Váy Thể thao màu Đỏ 49,SKU-0049,san-pham-mau-49,Mô tả chi tiết cho sản phẩm số 49,997000,1032000,INACTIVE,quan-nam,thoi-trang-nu
Giày Dạo phố màu Đen 50,SKU-0050,san-pham-mau-50,Mô tả chi tiết cho sản phẩm số 50,253000,281000,DRAFT,thoi-trang-nam,quan-nam,thoi-trang-nu
Váy Dạo phố màu Trắng 51,SKU-0051,san-pham-mau-51,Mô tả chi tiết cho sản phẩm số 51,317000,351000,INACTIVE,giay-dep-nam
Quần Dự tiệc màu Vàng 52,SKU-0052,san-pham-mau-52,Mô tả chi tiết cho sản phẩm số 52,677000,695000,ACTIVE,thoi-trang-nu
Váy Công sở màu Xanh 53,SKU-0053,san-pham-mau-53,Mô tả chi tiết cho sản phẩm số 53,666000,694000,DRAFT,thoi-trang-nam
Giày Dạo phố màu Đen 54,SKU-0054,san-pham-mau-54,Mô tả chi tiết cho sản phẩm số 54,430000,464000,INACTIVE,giay-dep-nam
Đầm Công sở màu Hồng 55,SKU-0055,san-pham-mau-55,Mô tả chi tiết cho sản phẩm số 55,954000,998000,INACTIVE,ao-nam
Đầm Dạo phố màu Vàng 56,SKU-0056,san-pham-mau-56,Mô tả chi tiết cho sản phẩm số 56,986000,999000,DRAFT,quan-nam,ao-nam,giay-dep-nam
Váy Dự tiệc màu Hồng 57,SKU-0057,san-pham-mau-57,Mô tả chi tiết cho sản phẩm số 57,674000,712000,INACTIVE,thoi-trang-nam,ao-nam,giay-dep-nam
Váy Thể thao màu Đen 58,SKU-0058,san-pham-mau-58,Mô tả chi tiết cho sản phẩm số 58,433000,466000,INACTIVE,giay-dep-nam
Đầm Thể thao màu Đỏ 59,SKU-0059,san-pham-mau-59,Mô tả chi tiết cho sản phẩm số 59,211000,252000,ACTIVE,quan-nam,giay-dep-nam
Váy Công sở màu Vàng 60,SKU-0060,san-pham-mau-60,Mô tả chi tiết cho sản phẩm số 60,100000,141000,INACTIVE,giay-dep-nam,thoi-trang-nu,quan-nam
Đầm Dự tiệc màu Đen 61,SKU-0061,san-pham-mau-61,Mô tả chi tiết cho sản phẩm số 61,755000,771000,ACTIVE,quan-nam,thoi-trang-nu
Giày Dạo phố màu Vàng 62,SKU-0062,san-pham-mau-62,Mô tả chi tiết cho sản phẩm số 62,970000,1017000,DRAFT,giay-dep-nam,thoi-trang-nu,thoi-trang-nam
Túi Dạo phố màu Đỏ 63,SKU-0063,san-pham-mau-63,Mô tả chi tiết cho sản phẩm số 63,866000,900000,DRAFT,thoi-trang-nu
Đầm Dạo phố màu Hồng 64,SKU-0064,san-pham-mau-64,Mô tả chi tiết cho sản phẩm số 64,494000,537000,DRAFT,giay-dep-nam
Đầm Dạo phố màu Xanh 65,SKU-0065,san-pham-mau-65,Mô tả chi tiết cho sản phẩm số 65,127000,144000,DRAFT,giay-dep-nam,quan-nam,ao-nam
Giày Công sở màu Trắng 66,SKU-0066,san-pham-mau-66,Mô tả chi tiết cho sản phẩm số 66,779000,805000,INACTIVE,giay-dep-nam,thoi-trang-nu,ao-nam
Váy Thể thao màu Hồng 67,SKU-0067,san-pham-mau-67,Mô tả chi tiết cho sản phẩm số 67,292000,333000,INACTIVE,quan-nam,ao-nam
Giày Công sở màu Vàng 68,SKU-0068,san-pham-mau-68,Mô tả chi tiết cho sản phẩm số 68,237000,262000,DRAFT,quan-nam
Áo Dự tiệc màu Trắng 69,SKU-0069,san-pham-mau-69,Mô tả chi tiết cho sản phẩm số 69,865000,902000,DRAFT,thoi-trang-nam,ao-nam
Áo Công sở màu Hồng 70,SKU-0070,san-pham-mau-70,Mô tả chi tiết cho sản phẩm số 70,132000,174000,INACTIVE,thoi-trang-nu
Quần Thể thao màu Xanh 71,SKU-0071,san-pham-mau-71,Mô tả chi tiết cho sản phẩm số 71,621000,646000,ACTIVE,giay-dep-nam,thoi-trang-nam,quan-nam
Váy Công sở màu Vàng 72,SKU-0072,san-pham-mau-72,Mô tả chi tiết cho sản phẩm số 72,737000,784000,ACTIVE,thoi-trang-nam
Quần Dạo phố màu Trắng 73,SKU-0073,san-pham-mau-73,Mô tả chi tiết cho sản phẩm số 73,106000,138000,DRAFT,quan-nam
Giày Dạo phố màu Xanh 74,SKU-0074,san-pham-mau-74,Mô tả chi tiết cho sản phẩm số 74,585000,600000,DRAFT,thoi-trang-nam,thoi-trang-nu
Giày Thể thao màu Đen 75,SKU-0075,san-pham-mau-75,Mô tả chi tiết cho sản phẩm số 75,974000,996000,ACTIVE,thoi-trang-nam,giay-dep-nam,quan-nam
Đầm Dạo phố màu Vàng 76,SKU-0076,san-pham-mau-76,Mô tả chi tiết cho sản phẩm số 76,391000,422000,INACTIVE,thoi-trang-nu,quan-nam,giay-dep-nam
Váy Dạo phố màu Đen 77,SKU-0077,san-pham-mau-77,Mô tả chi tiết cho sản phẩm số 77,878000,891000,ACTIVE,thoi-trang-nam
Giày Công sở màu Vàng 78,SKU-0078,san-pham-mau-78,Mô tả chi tiết cho sản phẩm số 78,164000,174000,ACTIVE,giay-dep-nam,ao-nam,quan-nam
Túi Dạo phố màu Vàng 79,SKU-0079,san-pham-mau-79,Mô tả chi tiết cho sản phẩm số 79,833000,851000,DRAFT,thoi-trang-nu,ao-nam,giay-dep-nam
Áo Dạo phố màu Vàng 80,SKU-0080,san-pham-mau-80,Mô tả chi tiết cho sản phẩm số 80,391000,417000,INACTIVE,quan-nam,giay-dep-nam
Giày Thể thao màu Trắng 81,SKU-0081,san-pham-mau-81,Mô tả chi tiết cho sản phẩm số 81,481000,530000,DRAFT,thoi-trang-nam,quan-nam,giay-dep-nam
Túi Công sở màu Trắng 82,SKU-0082,san-pham-mau-82,Mô tả chi tiết cho sản phẩm số 82,574000,585000,DRAFT,ao-nam,thoi-trang-nam,giay-dep-nam
Đầm Dự tiệc màu Đen 83,SKU-0083,san-pham-mau-83,Mô tả chi tiết cho sản phẩm số 83,899000,936000,ACTIVE,giay-dep-nam,thoi-trang-nam
Áo Dạo phố màu Hồng 84,SKU-0084,san-pham-mau-84,Mô tả chi tiết cho sản phẩm số 84,869000,882000,INACTIVE,giay-dep-nam,quan-nam,thoi-trang-nam
Túi Dự tiệc màu Xanh 85,SKU-0085,san-pham-mau-85,Mô tả chi tiết cho sản phẩm số 85,337000,366000,ACTIVE,ao-nam,thoi-trang-nu,quan-nam
Quần Công sở màu Vàng 86,SKU-0086,san-pham-mau-86,Mô tả chi tiết cho sản phẩm số 86,966000,977000,INACTIVE,ao-nam
Áo Dạo phố màu Xanh 87,SKU-0087,san-pham-mau-87,Mô tả chi tiết cho sản phẩm số 87,640000,667000,ACTIVE,giay-dep-nam
Váy Công sở màu Xanh 88,SKU-0088,san-pham-mau-88,Mô tả chi tiết cho sản phẩm số 88,736000,780000,ACTIVE,ao-nam
Túi Thể thao màu Trắng 89,SKU-0089,san-pham-mau-89,Mô tả chi tiết cho sản phẩm số 89,356000,400000,DRAFT,thoi-trang-nam,thoi-trang-nu
Quần Dạo phố màu Hồng 90,SKU-0090,san-pham-mau-90,Mô tả chi tiết cho sản phẩm số 90,729000,765000,DRAFT,quan-nam,ao-nam,giay-dep-nam
Túi Công sở màu Vàng 91,SKU-0091,san-pham-mau-91,Mô tả chi tiết cho sản phẩm số 91,483000,507000,INACTIVE,quan-nam
Đầm Dạo phố màu Hồng 92,SKU-0092,san-pham-mau-92,Mô tả chi tiết cho sản phẩm số 92,981000,1022000,INACTIVE,quan-nam
Giày Dự tiệc màu Đen 93,SKU-0093,san-pham-mau-93,Mô tả chi tiết cho sản phẩm số 93,345000,376000,ACTIVE,thoi-trang-nam,quan-nam,giay-dep-nam
Đầm Thể thao màu Vàng 94,SKU-0094,san-pham-mau-94,Mô tả chi tiết cho sản phẩm số 94,193000,203000,DRAFT,ao-nam
Túi Dạo phố màu Trắng 95,SKU-0095,san-pham-mau-95,Mô tả chi tiết cho sản phẩm số 95,164000,187000,INACTIVE,giay-dep-nam
Váy Thể thao màu Đỏ 96,SKU-0096,san-pham-mau-96,Mô tả chi tiết cho sản phẩm số 96,790000,837000,ACTIVE,ao-nam,giay-dep-nam
Đầm Dự tiệc màu Trắng 97,SKU-0097,san-pham-mau-97,Mô tả chi tiết cho sản phẩm số 97,223000,235000,ACTIVE,thoi-trang-nu
Áo Công sở màu Đỏ 98,SKU-0098,san-pham-mau-98,Mô tả chi tiết cho sản phẩm số 98,216000,236000,DRAFT,ao-nam,giay-dep-nam
Quần Công sở màu Đen 99,SKU-0099,san-pham-mau-99,Mô tả chi tiết cho sản phẩm số 99,386000,416000,INACTIVE,quan-nam,thoi-trang-nam
Váy Công sở màu Xanh 100,SKU-0100,san-pham-mau-100,Mô tả chi tiết cho sản phẩm số 100,832000,872000,DRAFT,ao-nam
Giày Dạo phố màu Xanh 101,SKU-0101,san-pham-mau-101,Mô tả chi tiết cho sản phẩm số 101,318000,345000,INACTIVE,giay-dep-nam
Váy Thể thao màu Vàng 102,SKU-0102,san-pham-mau-102,Mô tả chi tiết cho sản phẩm số 102,640000,654000,ACTIVE,ao-nam
Áo Dạo phố màu Hồng 103,SKU-0103,san-pham-mau-103,Mô tả chi tiết cho sản phẩm số 103,165000,207000,INACTIVE,thoi-trang-nam
Quần Thể thao màu Xanh 104,SKU-0104,san-pham-mau-104,Mô tả chi tiết cho sản phẩm số 104,782000,827000,ACTIVE,giay-dep-nam,ao-nam
Túi Thể thao màu Đen 105,SKU-0105,san-pham-mau-105,Mô tả chi tiết cho sản phẩm số 105,367000,410000,INACTIVE,thoi-trang-nam,thoi-trang-nu,ao-nam
Quần Thể thao màu Vàng 106,SKU-0106,san-pham-mau-106,Mô tả chi tiết cho sản phẩm số 106,173000,221000,ACTIVE,thoi-trang-nu,quan-nam
Quần Dạo phố màu Vàng 107,SKU-0107,san-pham-mau-107,Mô tả chi tiết cho sản phẩm số 107,515000,541000,INACTIVE,thoi-trang-nu
Túi Dạo phố màu Đỏ 108,SKU-0108,san-pham-mau-108,Mô tả chi tiết cho sản phẩm số 108,702000,737000,ACTIVE,thoi-trang-nu,giay-dep-nam
Quần Dự tiệc màu Trắng 109,SKU-0109,san-pham-mau-109,Mô tả chi tiết cho sản phẩm số 109,950000,977000,DRAFT,ao-nam
Giày Thể thao màu Hồng 110,SKU-0110,san-pham-mau-110,Mô tả chi tiết cho sản phẩm số 110,313000,348000,DRAFT,giay-dep-nam,quan-nam,thoi-trang-nu
Váy Dự tiệc màu Đỏ 111,SKU-0111,san-pham-mau-111,Mô tả chi tiết cho sản phẩm số 111,779000,797000,INACTIVE,thoi-trang-nu
Đầm Thể thao màu Xanh 112,SKU-0112,san-pham-mau-112,Mô tả chi tiết cho sản phẩm số 112,988000,1026000,DRAFT,thoi-trang-nu,quan-nam,thoi-trang-nam
Áo Thể thao màu Hồng 113,SKU-0113,san-pham-mau-113,Mô tả chi tiết cho sản phẩm số 113,323000,366000,DRAFT,ao-nam
Đầm Công sở màu Đỏ 114,SKU-0114,san-pham-mau-114,Mô tả chi tiết cho sản phẩm số 114,336000,370000,INACTIVE,ao-nam,thoi-trang-nu,quan-nam
Đầm Thể thao màu Hồng 115,SKU-0115,san-pham-mau-115,Mô tả chi tiết cho sản phẩm số 115,415000,439000,ACTIVE,ao-nam
Quần Dự tiệc màu Đen 116,SKU-0116,san-pham-mau-116,Mô tả chi tiết cho sản phẩm số 116,721000,755000,ACTIVE,quan-nam
Áo Công sở màu Đỏ 117,SKU-0117,san-pham-mau-117,Mô tả chi tiết cho sản phẩm số 117,381000,421000,ACTIVE,ao-nam,quan-nam
Áo Dạo phố màu Hồng 118,SKU-0118,san-pham-mau-118,Mô tả chi tiết cho sản phẩm số 118,292000,327000,ACTIVE,giay-dep-nam,thoi-trang-nu
Túi Dạo phố màu Vàng 119,SKU-0119,san-pham-mau-119,Mô tả chi tiết cho sản phẩm số 119,605000,626000,INACTIVE,quan-nam,ao-nam,thoi-trang-nu
Túi Dự tiệc màu Hồng 120,SKU-0120,san-pham-mau-120,Mô tả chi tiết cho sản phẩm số 120,759000,789000,ACTIVE,quan-nam
Quần Dạo phố màu Hồng 121,SKU-0121,san-pham-mau-121,Mô tả chi tiết cho sản phẩm số 121,758000,797000,ACTIVE,ao-nam,giay-dep-nam,thoi-trang-nam
Váy Công sở màu Xanh 122,SKU-0122,san-pham-mau-122,Mô tả chi tiết cho sản phẩm số 122,563000,610000,INACTIVE,ao-nam,thoi-trang-nam,quan-nam
Đầm Dạo phố màu Vàng 123,SKU-0123,san-pham-mau-123,Mô tả chi tiết cho sản phẩm số 123,772000,789000,ACTIVE,giay-dep-nam,quan-nam,thoi-trang-nam
Đầm Dạo phố màu Hồng 124,SKU-0124,san-pham-mau-124,Mô tả chi tiết cho sản phẩm số 124,654000,702000,DRAFT,ao-nam,giay-dep-nam
Váy Dạo phố màu Vàng 125,SKU-0125,san-pham-mau-125,Mô tả chi tiết cho sản phẩm số 125,330000,362000,INACTIVE,thoi-trang-nam
Váy Công sở màu Xanh 126,SKU-0126,san-pham-mau-126,Mô tả chi tiết cho sản phẩm số 126,178000,217000,DRAFT,thoi-trang-nu
Giày Dạo phố màu Vàng 127,SKU-0127,san-pham-mau-127,Mô tả chi tiết cho sản phẩm số 127,798000,829000,ACTIVE,ao-nam,quan-nam,thoi-trang-nu
Quần Thể thao màu Xanh 128,SKU-0128,san-pham-mau-128,Mô tả chi tiết cho sản phẩm số 128,830000,871000,ACTIVE,giay-dep-nam,ao-nam,thoi-trang-nam
Túi Công sở màu Hồng 129,SKU-0129,san-pham-mau-129,Mô tả chi tiết cho sản phẩm số 129,461000,507000,ACTIVE,giay-dep-nam,thoi-trang-nu
Túi Công sở màu Xanh 130,SKU-0130,san-pham-mau-130,Mô tả chi tiết cho sản phẩm số 130,439000,475000,DRAFT,quan-nam
Váy Dạo phố màu Xanh 131,SKU-0131,san-pham-mau-131,Mô tả chi tiết cho sản phẩm số 131,336000,353000,ACTIVE,ao-nam,thoi-trang-nam,thoi-trang-nu
Đầm Thể thao màu Hồng 132,SKU-0132,san-pham-mau-132,Mô tả chi tiết cho sản phẩm số 132,401000,428000,DRAFT,ao-nam,giay-dep-nam,thoi-trang-nam
Áo Công sở màu Trắng 133,SKU-0133,san-pham-mau-133,Mô tả chi tiết cho sản phẩm số 133,965000,990000,INACTIVE,quan-nam,giay-dep-nam
Váy Công sở màu Xanh 134,SKU-0134,san-pham-mau-134,Mô tả chi tiết cho sản phẩm số 134,167000,179000,ACTIVE,thoi-trang-nam
Giày Dự tiệc màu Hồng 135,SKU-0135,san-pham-mau-135,Mô tả chi tiết cho sản phẩm số 135,189000,218000,INACTIVE,quan-nam
Váy Thể thao màu Trắng 136,SKU-0136,san-pham-mau-136,Mô tả chi tiết cho sản phẩm số 136,347000,360000,DRAFT,thoi-trang-nu
Túi Thể thao màu Vàng 137,SKU-0137,san-pham-mau-137,Mô tả chi tiết cho sản phẩm số 137,273000,321000,DRAFT,thoi-trang-nu,thoi-trang-nam,giay-dep-nam
Váy Dạo phố màu Trắng 138,SKU-0138,san-pham-mau-138,Mô tả chi tiết cho sản phẩm số 138,355000,369000,ACTIVE,thoi-trang-nu,ao-nam,thoi-trang-nam
Quần Dạo phố màu Vàng 139,SKU-0139,san-pham-mau-139,Mô tả chi tiết cho sản phẩm số 139,825000,871000,INACTIVE,ao-nam
Váy Công sở màu Đỏ 140,SKU-0140,san-pham-mau-140,Mô tả chi tiết cho sản phẩm số 140,826000,844000,ACTIVE,ao-nam,thoi-trang-nu,thoi-trang-nam
Váy Công sở màu Hồng 141,SKU-0141,san-pham-mau-141,Mô tả chi tiết cho sản phẩm số 141,136000,172000,ACTIVE,ao-nam
Quần Dạo phố màu Hồng 142,SKU-0142,san-pham-mau-142,Mô tả chi tiết cho sản phẩm số 142,394000,421000,DRAFT,thoi-trang-nam,thoi-trang-nu
Váy Dự tiệc màu Trắng 143,SKU-0143,san-pham-mau-143,Mô tả chi tiết cho sản phẩm số 143,353000,376000,INACTIVE,giay-dep-nam
Áo Thể thao màu Đen 144,SKU-0144,san-pham-mau-144,Mô tả chi tiết cho sản phẩm số 144,920000,952000,DRAFT,quan-nam
Váy Dự tiệc màu Vàng 145,SKU-0145,san-pham-mau-145,Mô tả chi tiết cho sản phẩm số 145,195000,206000,DRAFT,ao-nam
Áo Công sở màu Xanh 146,SKU-0146,san-pham-mau-146,Mô tả chi tiết cho sản phẩm số 146,432000,473000,INACTIVE,thoi-trang-nu
Đầm Dự tiệc màu Xanh 147,SKU-0147,san-pham-mau-147,Mô tả chi tiết cho sản phẩm số 147,739000,784000,INACTIVE,ao-nam,quan-nam
Giày Dự tiệc màu Hồng 148,SKU-0148,san-pham-mau-148,Mô tả chi tiết cho sản phẩm số 148,879000,895000,ACTIVE,thoi-trang-nam
Áo Dạo phố màu Hồng 149,SKU-0149,san-pham-mau-149,Mô tả chi tiết cho sản phẩm số 149,384000,416000,INACTIVE,quan-nam
Áo Dự tiệc màu Hồng 150,SKU-0150,san-pham-mau-150,Mô tả chi tiết cho sản phẩm số 150,868000,907000,DRAFT,quan-nam
Quần Công sở màu Đen 151,SKU-0151,san-pham-mau-151,Mô tả chi tiết cho sản phẩm số 151,642000,677000,INACTIVE,quan-nam,thoi-trang-nu,giay-dep-nam
Quần Dạo phố màu Hồng 152,SKU-0152,san-pham-mau-152,Mô tả chi tiết cho sản phẩm số 152,233000,248000,ACTIVE,giay-dep-nam,quan-nam
Váy Thể thao màu Trắng 153,SKU-0153,san-pham-mau-153,Mô tả chi tiết cho sản phẩm số 153,881000,927000,DRAFT,thoi-trang-nu
Đầm Dạo phố màu Hồng 154,SKU-0154,san-pham-mau-154,Mô tả chi tiết cho sản phẩm số 154,922000,969000,DRAFT,thoi-trang-nu
Áo Dự tiệc màu Vàng 155,SKU-0155,san-pham-mau-155,Mô tả chi tiết cho sản phẩm số 155,145000,165000,INACTIVE,quan-nam,thoi-trang-nam,giay-dep-nam
Áo Dạo phố màu Xanh 156,SKU-0156,san-pham-mau-156,Mô tả chi tiết cho sản phẩm số 156,272000,288000,DRAFT,thoi-trang-nam
Giày Thể thao màu Trắng 157,SKU-0157,san-pham-mau-157,Mô tả chi tiết cho sản phẩm số 157,597000,626000,DRAFT,ao-nam,thoi-trang-nu,quan-nam
Váy Thể thao màu Đỏ 158,SKU-0158,san-pham-mau-158,Mô tả chi tiết cho sản phẩm số 158,625000,635000,ACTIVE,thoi-trang-nu,giay-dep-nam
Áo Dự tiệc màu Trắng 159,SKU-0159,san-pham-mau-159,Mô tả chi tiết cho sản phẩm số 159,930000,976000,INACTIVE,quan-nam
Giày Dự tiệc màu Xanh 160,SKU-0160,san-pham-mau-160,Mô tả chi tiết cho sản phẩm số 160,600000,628000,DRAFT,giay-dep-nam,thoi-trang-nam,ao-nam
Quần Dự tiệc màu Xanh 161,SKU-0161,san-pham-mau-161,Mô tả chi tiết cho sản phẩm số 161,485000,507000,INACTIVE,ao-nam,giay-dep-nam
Đầm Thể thao màu Vàng 162,SKU-0162,san-pham-mau-162,Mô tả chi tiết cho sản phẩm số 162,660000,677000,ACTIVE,giay-dep-nam,thoi-trang-nam
Giày Thể thao màu Trắng 163,SKU-0163,san-pham-mau-163,Mô tả chi tiết cho sản phẩm số 163,521000,539000,ACTIVE,thoi-trang-nam,quan-nam,thoi-trang-nu
Đầm Dạo phố màu Xanh 164,SKU-0164,san-pham-mau-164,Mô tả chi tiết cho sản phẩm số 164,409000,455000,INACTIVE,ao-nam,giay-dep-nam
Áo Thể thao màu Đen 165,SKU-0165,san-pham-mau-165,Mô tả chi tiết cho sản phẩm số 165,667000,707000,ACTIVE,thoi-trang-nam
Túi Dạo phố màu Xanh 166,SKU-0166,san-pham-mau-166,Mô tả chi tiết cho sản phẩm số 166,942000,962000,DRAFT,thoi-trang-nu,quan-nam,giay-dep-nam
Giày Công sở màu Đen 167,SKU-0167,san-pham-mau-167,Mô tả chi tiết cho sản phẩm số 167,879000,926000,DRAFT,giay-dep-nam,thoi-trang-nam,thoi-trang-nu
Túi Công sở màu Đen 168,SKU-0168,san-pham-mau-168,Mô tả chi tiết cho sản phẩm số 168,877000,912000,ACTIVE,ao-nam,quan-nam
Đầm Dạo phố màu Đỏ 169,SKU-0169,san-pham-mau-169,Mô tả chi tiết cho sản phẩm số 169,728000,738000,INACTIVE,quan-nam
Váy Thể thao màu Vàng 170,SKU-0170,san-pham-mau-170,Mô tả chi tiết cho sản phẩm số 170,905000,946000,ACTIVE,giay-dep-nam,quan-nam,thoi-trang-nu
Giày Dạo phố màu Trắng 171,SKU-0171,san-pham-mau-171,Mô tả chi tiết cho sản phẩm số 171,449000,479000,ACTIVE,thoi-trang-nam,quan-nam,giay-dep-nam
Đầm Công sở màu Đỏ 172,SKU-0172,san-pham-mau-172,Mô tả chi tiết cho sản phẩm số 172,842000,853000,DRAFT,thoi-trang-nam,ao-nam,quan-nam
Giày Thể thao màu Đen 173,SKU-0173,san-pham-mau-173,Mô tả chi tiết cho sản phẩm số 173,331000,353000,DRAFT,thoi-trang-nam,giay-dep-nam,ao-nam
Áo Thể thao màu Vàng 174,SKU-0174,san-pham-mau-174,Mô tả chi tiết cho sản phẩm số 174,438000,450000,INACTIVE,thoi-trang-nu,giay-dep-nam,ao-nam
Đầm Dự tiệc màu Hồng 175,SKU-0175,san-pham-mau-175,Mô tả chi tiết cho sản phẩm số 175,388000,403000,ACTIVE,quan-nam,thoi-trang-nu,thoi-trang-nam
Quần Công sở màu Đỏ 176,SKU-0176,san-pham-mau-176,Mô tả chi tiết cho sản phẩm số 176,904000,935000,ACTIVE,thoi-trang-nam
Áo Dự tiệc màu Xanh 177,SKU-0177,san-pham-mau-177,Mô tả chi tiết cho sản phẩm số 177,955000,996000,INACTIVE,thoi-trang-nam,thoi-trang-nu
Quần Thể thao màu Xanh 178,SKU-0178,san-pham-mau-178,Mô tả chi tiết cho sản phẩm số 178,573000,621000,DRAFT,ao-nam,quan-nam
Áo Dạo phố màu Đen 179,SKU-0179,san-pham-mau-179,Mô tả chi tiết cho sản phẩm số 179,335000,380000,ACTIVE,thoi-trang-nam,ao-nam
Váy Dạo phố màu Hồng 180,SKU-0180,san-pham-mau-180,Mô tả chi tiết cho sản phẩm số 180,427000,463000,DRAFT,thoi-trang-nu
Giày Thể thao màu Xanh 181,SKU-0181,san-pham-mau-181,Mô tả chi tiết cho sản phẩm số 181,413000,442000,INACTIVE,quan-nam,thoi-trang-nam,thoi-trang-nu
Váy Dạo phố màu Hồng 182,SKU-0182,san-pham-mau-182,Mô tả chi tiết cho sản phẩm số 182,491000,519000,DRAFT,thoi-trang-nu,giay-dep-nam,quan-nam
Đầm Công sở màu Trắng 183,SKU-0183,san-pham-mau-183,Mô tả chi tiết cho sản phẩm số 183,367000,399000,ACTIVE,giay-dep-nam,thoi-trang-nu
Túi Công sở màu Đỏ 184,SKU-0184,san-pham-mau-184,Mô tả chi tiết cho sản phẩm số 184,114000,142000,ACTIVE,giay-dep-nam,thoi-trang-nam
Giày Công sở màu Hồng 185,SKU-0185,san-pham-mau-185,Mô tả chi tiết cho sản phẩm số 185,216000,249000,ACTIVE,ao-nam,quan-nam,giay-dep-nam
Quần Dự tiệc màu Xanh 186,SKU-0186,san-pham-mau-186,Mô tả chi tiết cho sản phẩm số 186,608000,641000,INACTIVE,ao-nam,thoi-trang-nam,thoi-trang-nu
Đầm Thể thao màu Vàng 187,SKU-0187,san-pham-mau-187,Mô tả chi tiết cho sản phẩm số 187,184000,213000,ACTIVE,thoi-trang-nu,thoi-trang-nam,ao-nam
Túi Công sở màu Đen 188,SKU-0188,san-pham-mau-188,Mô tả chi tiết cho sản phẩm số 188,509000,522000,INACTIVE,quan-nam,ao-nam,thoi-trang-nam
Quần Dự tiệc màu Đen 189,SKU-0189,san-pham-mau-189,Mô tả chi tiết cho sản phẩm số 189,197000,229000,INACTIVE,thoi-trang-nam,giay-dep-nam,ao-nam
Quần Thể thao màu Đen 190,SKU-0190,san-pham-mau-190,Mô tả chi tiết cho sản phẩm số 190,766000,791000,DRAFT,giay-dep-nam
Quần Thể thao màu Đỏ 191,SKU-0191,san-pham-mau-191,Mô tả chi tiết cho sản phẩm số 191,576000,592000,DRAFT,thoi-trang-nam
Túi Công sở màu Trắng 192,SKU-0192,san-pham-mau-192,Mô tả chi tiết cho sản phẩm số 192,930000,952000,INACTIVE,thoi-trang-nu,ao-nam
Đầm Dạo phố màu Xanh 193,SKU-0193,san-pham-mau-193,Mô tả chi tiết cho sản phẩm số 193,133000,153000,ACTIVE,ao-nam,quan-nam,thoi-trang-nu
Giày Dạo phố màu Vàng 194,SKU-0194,san-pham-mau-194,Mô tả chi tiết cho sản phẩm số 194,571000,591000,DRAFT,thoi-trang-nam,quan-nam
Đầm Dự tiệc màu Hồng 195,SKU-0195,san-pham-mau-195,Mô tả chi tiết cho sản phẩm số 195,207000,220000,DRAFT,ao-nam,thoi-trang-nam
Túi Dự tiệc màu Đỏ 196,SKU-0196,san-pham-mau-196,Mô tả chi tiết cho sản phẩm số 196,218000,240000,ACTIVE,quan-nam,ao-nam,thoi-trang-nu
Túi Dạo phố màu Xanh 197,SKU-0197,san-pham-mau-197,Mô tả chi tiết cho sản phẩm số 197,984000,1015000,INACTIVE,ao-nam,quan-nam,thoi-trang-nu
Váy Thể thao màu Xanh 198,SKU-0198,san-pham-mau-198,Mô tả chi tiết cho sản phẩm số 198,129000,163000,DRAFT,thoi-trang-nam,ao-nam
Áo Công sở màu Hồng 199,SKU-0199,san-pham-mau-199,Mô tả chi tiết cho sản phẩm số 199,501000,511000,INACTIVE,ao-nam,giay-dep-nam
Túi Dạo phố màu Đỏ 200,SKU-0200,san-pham-mau-200,Mô tả chi tiết cho sản phẩm số 200,694000,717000,INACTIVE,ao-nam,quan-nam
Đầm Dự tiệc màu Đỏ 201,SKU-0201,san-pham-mau-201,Mô tả chi tiết cho sản phẩm số 201,315000,360000,DRAFT,thoi-trang-nam
Giày Thể thao màu Vàng 202,SKU-0202,san-pham-mau-202,Mô tả chi tiết cho sản phẩm số 202,225000,251000,INACTIVE,quan-nam
Quần Dạo phố màu Đỏ 203,SKU-0203,san-pham-mau-203,Mô tả chi tiết cho sản phẩm số 203,110000,141000,ACTIVE,giay-dep-nam,thoi-trang-nu,thoi-trang-nam
Áo Công sở màu Xanh 204,SKU-0204,san-pham-mau-204,Mô tả chi tiết cho sản phẩm số 204,318000,365000,ACTIVE,ao-nam,quan-nam,giay-dep-nam
Quần Công sở màu Đen 205,SKU-0205,san-pham-mau-205,Mô tả chi tiết cho sản phẩm số 205,554000,566000,INACTIVE,ao-nam,giay-dep-nam,thoi-trang-nam
Váy Thể thao màu Trắng 206,SKU-0206,san-pham-mau-206,Mô tả chi tiết cho sản phẩm số 206,403000,439000,ACTIVE,thoi-trang-nam
Đầm Công sở màu Vàng 207,SKU-0207,san-pham-mau-207,Mô tả chi tiết cho sản phẩm số 207,962000,981000,DRAFT,thoi-trang-nu,quan-nam,ao-nam
Váy Công sở màu Đỏ 208,SKU-0208,san-pham-mau-208,Mô tả chi tiết cho sản phẩm số 208,194000,219000,INACTIVE,thoi-trang-nam,ao-nam
Giày Công sở màu Hồng 209,SKU-0209,san-pham-mau-209,Mô tả chi tiết cho sản phẩm số 209,891000,908000,INACTIVE,thoi-trang-nu,ao-nam
Quần Dạo phố màu Đỏ 210,SKU-0210,san-pham-mau-210,Mô tả chi tiết cho sản phẩm số 210,314000,351000,DRAFT,thoi-trang-nam,quan-nam,thoi-trang-nu
Áo Công sở màu Xanh 211,SKU-0211,san-pham-mau-211,Mô tả chi tiết cho sản phẩm số 211,481000,497000,INACTIVE,ao-nam
Đầm Công sở màu Vàng 212,SKU-0212,san-pham-mau-212,Mô tả chi tiết cho sản phẩm số 212,975000,997000,ACTIVE,giay-dep-nam,thoi-trang-nam
Đầm Dạo phố màu Đen 213,SKU-0213,san-pham-mau-213,Mô tả chi tiết cho sản phẩm số 213,421000,449000,DRAFT,ao-nam,giay-dep-nam,quan-nam
Giày Thể thao màu Đen 214,SKU-0214,san-pham-mau-214,Mô tả chi tiết cho sản phẩm số 214,984000,1010000,DRAFT,ao-nam,giay-dep-nam
Túi Công sở màu Hồng 215,SKU-0215,san-pham-mau-215,Mô tả chi tiết cho sản phẩm số 215,192000,202000,INACTIVE,quan-nam,ao-nam,thoi-trang-nam
Giày Dự tiệc màu Xanh 216,SKU-0216,san-pham-mau-216,Mô tả chi tiết cho sản phẩm số 216,444000,472000,ACTIVE,quan-nam,giay-dep-nam,ao-nam
Quần Thể thao màu Vàng 217,SKU-0217,san-pham-mau-217,Mô tả chi tiết cho sản phẩm số 217,562000,600000,DRAFT,giay-dep-nam,quan-nam,ao-nam
Váy Thể thao màu Đỏ 218,SKU-0218,san-pham-mau-218,Mô tả chi tiết cho sản phẩm số 218,568000,607000,DRAFT,ao-nam
Váy Thể thao màu Xanh 219,SKU-0219,san-pham-mau-219,Mô tả chi tiết cho sản phẩm số 219,363000,384000,ACTIVE,thoi-trang-nu,quan-nam
Quần Dạo phố màu Đen 220,SKU-0220,san-pham-mau-220,Mô tả chi tiết cho sản phẩm số 220,607000,643000,INACTIVE,quan-nam
Áo Công sở màu Đen 221,SKU-0221,san-pham-mau-221,Mô tả chi tiết cho sản phẩm số 221,236000,257000,INACTIVE,thoi-trang-nam,ao-nam
Váy Dự tiệc màu Xanh 222,SKU-0222,san-pham-mau-222,Mô tả chi tiết cho sản phẩm số 222,383000,399000,DRAFT,giay-dep-nam,thoi-trang-nu,thoi-trang-nam
Quần Dạo phố màu Trắng 223,SKU-0223,san-pham-mau-223,Mô tả chi tiết cho sản phẩm số 223,229000,271000,DRAFT,thoi-trang-nam,giay-dep-nam
Đầm Dự tiệc màu Trắng 224,SKU-0224,san-pham-mau-224,Mô tả chi tiết cho sản phẩm số 224,793000,827000,INACTIVE,thoi-trang-nu
Áo Dự tiệc màu Trắng 225,SKU-0225,san-pham-mau-225,Mô tả chi tiết cho sản phẩm số 225,479000,501000,INACTIVE,giay-dep-nam,quan-nam
Đầm Dự tiệc màu Đỏ 226,SKU-0226,san-pham-mau-226,Mô tả chi tiết cho sản phẩm số 226,862000,879000,ACTIVE,quan-nam,giay-dep-nam,ao-nam
Giày Dạo phố màu Đỏ 227,SKU-0227,san-pham-mau-227,Mô tả chi tiết cho sản phẩm số 227,974000,986000,DRAFT,ao-nam,thoi-trang-nu
Đầm Công sở màu Hồng 228,SKU-0228,san-pham-mau-228,Mô tả chi tiết cho sản phẩm số 228,533000,571000,ACTIVE,thoi-trang-nam,quan-nam,thoi-trang-nu
Váy Dạo phố màu Xanh 229,SKU-0229,san-pham-mau-229,Mô tả chi tiết cho sản phẩm số 229,541000,577000,ACTIVE,quan-nam,ao-nam
Túi Dự tiệc màu Trắng 230,SKU-0230,san-pham-mau-230,Mô tả chi tiết cho sản phẩm số 230,674000,716000,ACTIVE,ao-nam,thoi-trang-nam,quan-nam
Quần Dự tiệc màu Hồng 231,SKU-0231,san-pham-mau-231,Mô tả chi tiết cho sản phẩm số 231,222000,244000,ACTIVE,giay-dep-nam,thoi-trang-nu,ao-nam
Váy Công sở màu Đen 232,SKU-0232,san-pham-mau-232,Mô tả chi tiết cho sản phẩm số 232,389000,431000,ACTIVE,quan-nam,giay-dep-nam
Áo Thể thao màu Đen 233,SKU-0233,san-pham-mau-233,Mô tả chi tiết cho sản phẩm số 233,857000,876000,ACTIVE,thoi-trang-nu
Giày Công sở màu Đỏ 234,SKU-0234,san-pham-mau-234,Mô tả chi tiết cho sản phẩm số 234,183000,197000,ACTIVE,thoi-trang-nam,quan-nam
Áo Thể thao màu Đen 235,SKU-0235,san-pham-mau-235,Mô tả chi tiết cho sản phẩm số 235,551000,600000,INACTIVE,thoi-trang-nu,ao-nam,thoi-trang-nam
Quần Công sở màu Trắng 236,SKU-0236,san-pham-mau-236,Mô tả chi tiết cho sản phẩm số 236,594000,627000,INACTIVE,quan-nam
Giày Thể thao màu Đen 237,SKU-0237,san-pham-mau-237,Mô tả chi tiết cho sản phẩm số 237,658000,676000,DRAFT,giay-dep-nam
Đầm Thể thao màu Xanh 238,SKU-0238,san-pham-mau-238,Mô tả chi tiết cho sản phẩm số 238,323000,338000,DRAFT,quan-nam,giay-dep-nam,ao-nam
Áo Dạo phố màu Xanh 239,SKU-0239,san-pham-mau-239,Mô tả chi tiết cho sản phẩm số 239,407000,430000,DRAFT,quan-nam
Giày Dạo phố màu Hồng 240,SKU-0240,san-pham-mau-240,Mô tả chi tiết cho sản phẩm số 240,635000,673000,DRAFT,quan-nam
Váy Dạo phố màu Vàng 241,SKU-0241,san-pham-mau-241,Mô tả chi tiết cho sản phẩm số 241,117000,151000,ACTIVE,quan-nam,thoi-trang-nam
Túi Thể thao màu Đen 242,SKU-0242,san-pham-mau-242,Mô tả chi tiết cho sản phẩm số 242,282000,301000,DRAFT,ao-nam,thoi-trang-nu,giay-dep-nam
Đầm Thể thao màu Hồng 243,SKU-0243,san-pham-mau-243,Mô tả chi tiết cho sản phẩm số 243,318000,338000,INACTIVE,thoi-trang-nam,thoi-trang-nu,giay-dep-nam
Đầm Dạo phố màu Xanh 244,SKU-0244,san-pham-mau-244,Mô tả chi tiết cho sản phẩm số 244,993000,1019000,DRAFT,thoi-trang-nam
Đầm Thể thao màu Đen 245,SKU-0245,san-pham-mau-245,Mô tả chi tiết cho sản phẩm số 245,932000,945000,INACTIVE,thoi-trang-nu,thoi-trang-nam,ao-nam
Túi Công sở màu Đen 246,SKU-0246,san-pham-mau-246,Mô tả chi tiết cho sản phẩm số 246,105000,141000,ACTIVE,thoi-trang-nu,thoi-trang-nam
Váy Công sở màu Hồng 247,SKU-0247,san-pham-mau-247,Mô tả chi tiết cho sản phẩm số 247,938000,979000,INACTIVE,ao-nam,giay-dep-nam
Đầm Dạo phố màu Đỏ 248,SKU-0248,san-pham-mau-248,Mô tả chi tiết cho sản phẩm số 248,602000,642000,INACTIVE,thoi-trang-nu,quan-nam,thoi-trang-nam
Áo Thể thao màu Xanh 249,SKU-0249,san-pham-mau-249,Mô tả chi tiết cho sản phẩm số 249,381000,424000,ACTIVE,thoi-trang-nu,thoi-trang-nam
Quần Thể thao màu Xanh 250,SKU-0250,san-pham-mau-250,Mô tả chi tiết cho sản phẩm số 250,621000,657000,INACTIVE,thoi-trang-nam
Áo Công sở màu Vàng 251,SKU-0251,san-pham-mau-251,Mô tả chi tiết cho sản phẩm số 251,913000,947000,INACTIVE,ao-nam,quan-nam
Quần Thể thao màu Hồng 252,SKU-0252,san-pham-mau-252,Mô tả chi tiết cho sản phẩm số 252,657000,688000,ACTIVE,quan-nam,thoi-trang-nam,thoi-trang-nu
Túi Dự tiệc màu Hồng 253,SKU-0253,san-pham-mau-253,Mô tả chi tiết cho sản phẩm số 253,471000,508000,ACTIVE,thoi-trang-nu,quan-nam
Túi Thể thao màu Đỏ 254,SKU-0254,san-pham-mau-254,Mô tả chi tiết cho sản phẩm số 254,413000,439000,DRAFT,thoi-trang-nam
Giày Công sở màu Đen 255,SKU-0255,san-pham-mau-255,Mô tả chi tiết cho sản phẩm số 255,198000,213000,DRAFT,thoi-trang-nam,thoi-trang-nu,giay-dep-nam
Giày Dự tiệc màu Vàng 256,SKU-0256,san-pham-mau-256,Mô tả chi tiết cho sản phẩm số 256,694000,727000,INACTIVE,thoi-trang-nam,thoi-trang-nu
Áo Dự tiệc màu Đỏ 257,SKU-0257,san-pham-mau-257,Mô tả chi tiết cho sản phẩm số 257,222000,252000,DRAFT,quan-nam
Giày Thể thao màu Vàng 258,SKU-0258,san-pham-mau-258,Mô tả chi tiết cho sản phẩm số 258,329000,372000,INACTIVE,thoi-trang-nu,ao-nam,thoi-trang-nam
Giày Thể thao màu Hồng 259,SKU-0259,san-pham-mau-259,Mô tả chi tiết cho sản phẩm số 259,193000,237000,DRAFT,quan-nam
Váy Thể thao màu Trắng 260,SKU-0260,san-pham-mau-260,Mô tả chi tiết cho sản phẩm số 260,462000,478000,DRAFT,quan-nam,giay-dep-nam,thoi-trang-nu
Đầm Dự tiệc màu Đen 261,SKU-0261,san-pham-mau-261,Mô tả chi tiết cho sản phẩm số 261,532000,574000,DRAFT,ao-nam,giay-dep-nam
Váy Dạo phố màu Hồng 262,SKU-0262,san-pham-mau-262,Mô tả chi tiết cho sản phẩm số 262,291000,325000,DRAFT,thoi-trang-nu,quan-nam
Quần Thể thao màu Đen 263,SKU-0263,san-pham-mau-263,Mô tả chi tiết cho sản phẩm số 263,281000,297000,INACTIVE,thoi-trang-nu,ao-nam
Áo Dạo phố màu Hồng 264,SKU-0264,san-pham-mau-264,Mô tả chi tiết cho sản phẩm số 264,470000,482000,DRAFT,thoi-trang-nu
Túi Công sở màu Đỏ 265,SKU-0265,san-pham-mau-265,Mô tả chi tiết cho sản phẩm số 265,446000,483000,ACTIVE,thoi-trang-nam
Quần Dự tiệc màu Đen 266,SKU-0266,san-pham-mau-266,Mô tả chi tiết cho sản phẩm số 266,375000,394000,ACTIVE,thoi-trang-nu,quan-nam,thoi-trang-nam
Giày Thể thao màu Vàng 267,SKU-0267,san-pham-mau-267,Mô tả chi tiết cho sản phẩm số 267,548000,590000,DRAFT,thoi-trang-nam,quan-nam,giay-dep-nam
Áo Dạo phố màu Xanh 268,SKU-0268,san-pham-mau-268,Mô tả chi tiết cho sản phẩm số 268,406000,439000,ACTIVE,thoi-trang-nu
Váy Dạo phố màu Đen 269,SKU-0269,san-pham-mau-269,Mô tả chi tiết cho sản phẩm số 269,430000,477000,ACTIVE,quan-nam,thoi-trang-nam
Quần Dạo phố màu Hồng 270,SKU-0270,san-pham-mau-270,Mô tả chi tiết cho sản phẩm số 270,830000,852000,INACTIVE,quan-nam,giay-dep-nam,thoi-trang-nam
Đầm Dạo phố màu Trắng 271,SKU-0271,san-pham-mau-271,Mô tả chi tiết cho sản phẩm số 271,607000,640000,INACTIVE,thoi-trang-nam
Váy Dự tiệc màu Đỏ 272,SKU-0272,san-pham-mau-272,Mô tả chi tiết cho sản phẩm số 272,911000,932000,DRAFT,thoi-trang-nam,thoi-trang-nu
Giày Công sở màu Đỏ 273,SKU-0273,san-pham-mau-273,Mô tả chi tiết cho sản phẩm số 273,478000,518000,DRAFT,giay-dep-nam,thoi-trang-nu,ao-nam
Quần Dự tiệc màu Đỏ 274,SKU-0274,san-pham-mau-274,Mô tả chi tiết cho sản phẩm số 274,738000,775000,DRAFT,thoi-trang-nam,quan-nam,thoi-trang-nu
Đầm Dự tiệc màu Vàng 275,SKU-0275,san-pham-mau-275,Mô tả chi tiết cho sản phẩm số 275,888000,937000,ACTIVE,thoi-trang-nam,thoi-trang-nu,quan-nam
Quần Thể thao màu Vàng 276,SKU-0276,san-pham-mau-276,Mô tả chi tiết cho sản phẩm số 276,967000,995000,INACTIVE,thoi-trang-nam,ao-nam
Đầm Dạo phố màu Xanh 277,SKU-0277,san-pham-mau-277,Mô tả chi tiết cho sản phẩm số 277,418000,431000,ACTIVE,giay-dep-nam
Áo Thể thao màu Xanh 278,SKU-0278,san-pham-mau-278,Mô tả chi tiết cho sản phẩm số 278,900000,922000,DRAFT,thoi-trang-nam,quan-nam,thoi-trang-nu
Túi Công sở màu Đen 279,SKU-0279,san-pham-mau-279,Mô tả chi tiết cho sản phẩm số 279,549000,569000,DRAFT,quan-nam,thoi-trang-nu
Váy Dạo phố màu Xanh 280,SKU-0280,san-pham-mau-280,Mô tả chi tiết cho sản phẩm số 280,938000,987000,ACTIVE,ao-nam,thoi-trang-nu
Quần Thể thao màu Hồng 281,SKU-0281,san-pham-mau-281,Mô tả chi tiết cho sản phẩm số 281,450000,477000,ACTIVE,thoi-trang-nu
Túi Dự tiệc màu Đen 282,SKU-0282,san-pham-mau-282,Mô tả chi tiết cho sản phẩm số 282,687000,714000,ACTIVE,ao-nam,thoi-trang-nam
Túi Công sở màu Trắng 283,SKU-0283,san-pham-mau-283,Mô tả chi tiết cho sản phẩm số 283,343000,382000,DRAFT,giay-dep-nam,thoi-trang-nu
Quần Công sở màu Vàng 284,SKU-0284,san-pham-mau-284,Mô tả chi tiết cho sản phẩm số 284,957000,967000,DRAFT,thoi-trang-nam,giay-dep-nam
Váy Công sở màu Xanh 285,SKU-0285,san-pham-mau-285,Mô tả chi tiết cho sản phẩm số 285,533000,577000,INACTIVE,thoi-trang-nam,quan-nam,ao-nam
Giày Dự tiệc màu Đỏ 286,SKU-0286,san-pham-mau-286,Mô tả chi tiết cho sản phẩm số 286,251000,268000,DRAFT,thoi-trang-nam,quan-nam
Áo Công sở màu Đỏ 287,SKU-0287,san-pham-mau-287,Mô tả chi tiết cho sản phẩm số 287,666000,713000,INACTIVE,ao-nam
Áo Dạo phố màu Xanh 288,SKU-0288,san-pham-mau-288,Mô tả chi tiết cho sản phẩm số 288,162000,179000,INACTIVE,ao-nam,thoi-trang-nu,thoi-trang-nam
Giày Công sở màu Xanh 289,SKU-0289,san-pham-mau-289,Mô tả chi tiết cho sản phẩm số 289,276000,296000,DRAFT,giay-dep-nam,thoi-trang-nam,ao-nam
Quần Thể thao màu Xanh 290,SKU-0290,san-pham-mau-290,Mô tả chi tiết cho sản phẩm số 290,742000,776000,ACTIVE,quan-nam,thoi-trang-nam
Túi Dạo phố màu Đen 291,SKU-0291,san-pham-mau-291,Mô tả chi tiết cho sản phẩm số 291,676000,690000,INACTIVE,giay-dep-nam,thoi-trang-nam,ao-nam
Áo Dạo phố màu Vàng 292,SKU-0292,san-pham-mau-292,Mô tả chi tiết cho sản phẩm số 292,349000,370000,DRAFT,thoi-trang-nam,ao-nam
Váy Công sở màu Đỏ 293,SKU-0293,san-pham-mau-293,Mô tả chi tiết cho sản phẩm số 293,116000,148000,INACTIVE,quan-nam,ao-nam,thoi-trang-nu
Áo Thể thao màu Xanh 294,SKU-0294,san-pham-mau-294,Mô tả chi tiết cho sản phẩm số 294,626000,649000,DRAFT,ao-nam,giay-dep-nam,quan-nam
Váy Dạo phố màu Trắng 295,SKU-0295,san-pham-mau-295,Mô tả chi tiết cho sản phẩm số 295,864000,876000,DRAFT,thoi-trang-nu,giay-dep-nam,quan-nam
Đầm Dự tiệc màu Đen 296,SKU-0296,san-pham-mau-296,Mô tả chi tiết cho sản phẩm số 296,786000,819000,ACTIVE,ao-nam,thoi-trang-nam
Váy Công sở màu Vàng 297,SKU-0297,san-pham-mau-297,Mô tả chi tiết cho sản phẩm số 297,151000,186000,DRAFT,ao-nam,thoi-trang-nu
Áo Dạo phố màu Đen 298,SKU-0298,san-pham-mau-298,Mô tả chi tiết cho sản phẩm số 298,314000,344000,DRAFT,ao-nam,quan-nam,thoi-trang-nam
Váy Công sở màu Trắng 299,SKU-0299,san-pham-mau-299,Mô tả chi tiết cho sản phẩm số 299,171000,201000,INACTIVE,thoi-trang-nu
Váy Công sở màu Đỏ 300,SKU-0300,san-pham-mau-300,Mô tả chi tiết cho sản phẩm số 300,347000,369000,ACTIVE,giay-dep-nam
Váy Thể thao màu Hồng 301,SKU-0301,san-pham-mau-301,Mô tả chi tiết cho sản phẩm số 301,110000,154000,DRAFT,giay-dep-nam,quan-nam,thoi-trang-nam
Túi Thể thao màu Hồng 302,SKU-0302,san-pham-mau-302,Mô tả chi tiết cho sản phẩm số 302,345000,382000,DRAFT,thoi-trang-nam,quan-nam,ao-nam
Áo Công sở màu Hồng 303,SKU-0303,san-pham-mau-303,Mô tả chi tiết cho sản phẩm số 303,177000,208000,INACTIVE,quan-nam
Áo Công sở màu Đỏ 304,SKU-0304,san-pham-mau-304,Mô tả chi tiết cho sản phẩm số 304,197000,209000,DRAFT,ao-nam,quan-nam
Giày Dạo phố màu Trắng 305,SKU-0305,san-pham-mau-305,Mô tả chi tiết cho sản phẩm số 305,534000,557000,DRAFT,quan-nam,ao-nam
Váy Thể thao màu Xanh 306,SKU-0306,san-pham-mau-306,Mô tả chi tiết cho sản phẩm số 306,608000,622000,DRAFT,quan-nam,thoi-trang-nam,thoi-trang-nu
Váy Công sở màu Hồng 307,SKU-0307,san-pham-mau-307,Mô tả chi tiết cho sản phẩm số 307,551000,578000,ACTIVE,giay-dep-nam,quan-nam,thoi-trang-nu
Quần Thể thao màu Hồng 308,SKU-0308,san-pham-mau-308,Mô tả chi tiết cho sản phẩm số 308,471000,506000,DRAFT,quan-nam
Quần Công sở màu Xanh 309,SKU-0309,san-pham-mau-309,Mô tả chi tiết cho sản phẩm số 309,918000,962000,INACTIVE,thoi-trang-nu,thoi-trang-nam,ao-nam
Túi Công sở màu Hồng 310,SKU-0310,san-pham-mau-310,Mô tả chi tiết cho sản phẩm số 310,523000,566000,INACTIVE,thoi-trang-nu,ao-nam,thoi-trang-nam
Giày Dự tiệc màu Xanh 311,SKU-0311,san-pham-mau-311,Mô tả chi tiết cho sản phẩm số 311,103000,152000,DRAFT,ao-nam
Quần Công sở màu Trắng 312,SKU-0312,san-pham-mau-312,Mô tả chi tiết cho sản phẩm số 312,750000,777000,INACTIVE,giay-dep-nam,quan-nam
Áo Dự tiệc màu Đỏ 313,SKU-0313,san-pham-mau-313,Mô tả chi tiết cho sản phẩm số 313,436000,451000,INACTIVE,thoi-trang-nu
Đầm Dự tiệc màu Trắng 314,SKU-0314,san-pham-mau-314,Mô tả chi tiết cho sản phẩm số 314,946000,976000,DRAFT,giay-dep-nam
Túi Công sở màu Hồng 315,SKU-0315,san-pham-mau-315,Mô tả chi tiết cho sản phẩm số 315,255000,292000,DRAFT,quan-nam
Đầm Dự tiệc màu Hồng 316,SKU-0316,san-pham-mau-316,Mô tả chi tiết cho sản phẩm số 316,300000,341000,ACTIVE,thoi-trang-nu
Váy Dạo phố màu Đen 317,SKU-0317,san-pham-mau-317,Mô tả chi tiết cho sản phẩm số 317,470000,498000,INACTIVE,ao-nam,giay-dep-nam,thoi-trang-nu
Váy Dự tiệc màu Trắng 318,SKU-0318,san-pham-mau-318,Mô tả chi tiết cho sản phẩm số 318,463000,488000,DRAFT,thoi-trang-nu
Túi Dạo phố màu Hồng 319,SKU-0319,san-pham-mau-319,Mô tả chi tiết cho sản phẩm số 319,298000,322000,INACTIVE,giay-dep-nam,quan-nam
Đầm Dạo phố màu Hồng 320,SKU-0320,san-pham-mau-320,Mô tả chi tiết cho sản phẩm số 320,992000,1030000,INACTIVE,quan-nam,thoi-trang-nu,thoi-trang-nam
Quần Dạo phố màu Hồng 321,SKU-0321,san-pham-mau-321,Mô tả chi tiết cho sản phẩm số 321,417000,463000,ACTIVE,ao-nam,quan-nam,giay-dep-nam
Váy Thể thao màu Trắng 322,SKU-0322,san-pham-mau-322,Mô tả chi tiết cho sản phẩm số 322,619000,633000,DRAFT,giay-dep-nam
Đầm Dự tiệc màu Đỏ 323,SKU-0323,san-pham-mau-323,Mô tả chi tiết cho sản phẩm số 323,952000,966000,ACTIVE,thoi-trang-nu
Quần Thể thao màu Đen 324,SKU-0324,san-pham-mau-324,Mô tả chi tiết cho sản phẩm số 324,975000,1005000,DRAFT,giay-dep-nam
Váy Công sở màu Xanh 325,SKU-0325,san-pham-mau-325,Mô tả chi tiết cho sản phẩm số 325,946000,987000,DRAFT,thoi-trang-nu,quan-nam,giay-dep-nam
Túi Công sở màu Đỏ 326,SKU-0326,san-pham-mau-326,Mô tả chi tiết cho sản phẩm số 326,404000,440000,DRAFT,thoi-trang-nam,giay-dep-nam
Áo Dự tiệc màu Trắng 327,SKU-0327,san-pham-mau-327,Mô tả chi tiết cho sản phẩm số 327,479000,525000,INACTIVE,thoi-trang-nu,quan-nam
Váy Công sở màu Hồng 328,SKU-0328,san-pham-mau-328,Mô tả chi tiết cho sản phẩm số 328,642000,662000,DRAFT,quan-nam,ao-nam,giay-dep-nam
Túi Dự tiệc màu Trắng 329,SKU-0329,san-pham-mau-329,Mô tả chi tiết cho sản phẩm số 329,865000,901000,DRAFT,ao-nam,quan-nam,thoi-trang-nu
Váy Công sở màu Hồng 330,SKU-0330,san-pham-mau-330,Mô tả chi tiết cho sản phẩm số 330,774000,819000,INACTIVE,ao-nam,thoi-trang-nam,giay-dep-nam
Quần Dạo phố màu Đen 331,SKU-0331,san-pham-mau-331,Mô tả chi tiết cho sản phẩm số 331,788000,808000,ACTIVE,thoi-trang-nam,thoi-trang-nu,ao-nam
Túi Dạo phố màu Trắng 332,SKU-0332,san-pham-mau-332,Mô tả chi tiết cho sản phẩm số 332,525000,541000,ACTIVE,ao-nam,thoi-trang-nam
Đầm Dự tiệc màu Đen 333,SKU-0333,san-pham-mau-333,Mô tả chi tiết cho sản phẩm số 333,932000,974000,DRAFT,thoi-trang-nam,ao-nam,quan-nam
Đầm Dự tiệc màu Đỏ 334,SKU-0334,san-pham-mau-334,Mô tả chi tiết cho sản phẩm số 334,905000,934000,DRAFT,thoi-trang-nam,quan-nam,thoi-trang-nu
Váy Công sở màu Hồng 335,SKU-0335,san-pham-mau-335,Mô tả chi tiết cho sản phẩm số 335,641000,679000,DRAFT,quan-nam,thoi-trang-nu
Áo Thể thao màu Vàng 336,SKU-0336,san-pham-mau-336,Mô tả chi tiết cho sản phẩm số 336,226000,248000,INACTIVE,thoi-trang-nam,quan-nam
Quần Dự tiệc màu Vàng 337,SKU-0337,san-pham-mau-337,Mô tả chi tiết cho sản phẩm số 337,456000,493000,ACTIVE,ao-nam
Quần Thể thao màu Xanh 338,SKU-0338,san-pham-mau-338,Mô tả chi tiết cho sản phẩm số 338,845000,886000,INACTIVE,thoi-trang-nu,quan-nam,giay-dep-nam
Áo Thể thao màu Trắng 339,SKU-0339,san-pham-mau-339,Mô tả chi tiết cho sản phẩm số 339,870000,905000,ACTIVE,quan-nam
Đầm Công sở màu Đen 340,SKU-0340,san-pham-mau-340,Mô tả chi tiết cho sản phẩm số 340,676000,723000,DRAFT,thoi-trang-nam
Túi Dạo phố màu Xanh 341,SKU-0341,san-pham-mau-341,Mô tả chi tiết cho sản phẩm số 341,910000,934000,INACTIVE,ao-nam
Đầm Thể thao màu Trắng 342,SKU-0342,san-pham-mau-342,Mô tả chi tiết cho sản phẩm số 342,806000,846000,ACTIVE,giay-dep-nam
Túi Thể thao màu Vàng 343,SKU-0343,san-pham-mau-343,Mô tả chi tiết cho sản phẩm số 343,501000,527000,DRAFT,ao-nam
Váy Dạo phố màu Đỏ 344,SKU-0344,san-pham-mau-344,Mô tả chi tiết cho sản phẩm số 344,838000,865000,ACTIVE,giay-dep-nam,quan-nam,thoi-trang-nu
Giày Thể thao màu Vàng 345,SKU-0345,san-pham-mau-345,Mô tả chi tiết cho sản phẩm số 345,947000,965000,ACTIVE,thoi-trang-nu,ao-nam,thoi-trang-nam
Áo Dạo phố màu Đen 346,SKU-0346,san-pham-mau-346,Mô tả chi tiết cho sản phẩm số 346,277000,323000,INACTIVE,thoi-trang-nu,giay-dep-nam,quan-nam
Giày Công sở màu Hồng 347,SKU-0347,san-pham-mau-347,Mô tả chi tiết cho sản phẩm số 347,481000,506000,DRAFT,quan-nam
Áo Dự tiệc màu Xanh 348,SKU-0348,san-pham-mau-348,Mô tả chi tiết cho sản phẩm số 348,186000,211000,DRAFT,giay-dep-nam
Váy Công sở màu Đen 349,SKU-0349,san-pham-mau-349,Mô tả chi tiết cho sản phẩm số 349,381000,400000,INACTIVE,thoi-trang-nu,ao-nam
Túi Dự tiệc màu Vàng 350,SKU-0350,san-pham-mau-350,Mô tả chi tiết cho sản phẩm số 350,986000,1010000,ACTIVE,thoi-trang-nam,quan-nam
Đầm Công sở màu Trắng 351,SKU-0351,san-pham-mau-351,Mô tả chi tiết cho sản phẩm số 351,249000,274000,ACTIVE,thoi-trang-nu,giay-dep-nam,ao-nam
Quần Thể thao màu Vàng 352,SKU-0352,san-pham-mau-352,Mô tả chi tiết cho sản phẩm số 352,882000,910000,ACTIVE,quan-nam
Quần Thể thao màu Trắng 353,SKU-0353,san-pham-mau-353,Mô tả chi tiết cho sản phẩm số 353,166000,182000,INACTIVE,ao-nam,giay-dep-nam,quan-nam
Áo Thể thao màu Vàng 354,SKU-0354,san-pham-mau-354,Mô tả chi tiết cho sản phẩm số 354,767000,779000,DRAFT,ao-nam,quan-nam,giay-dep-nam
Quần Thể thao màu Vàng 355,SKU-0355,san-pham-mau-355,Mô tả chi tiết cho sản phẩm số 355,172000,221000,INACTIVE,giay-dep-nam
Váy Dạo phố màu Đen 356,SKU-0356,san-pham-mau-356,Mô tả chi tiết cho sản phẩm số 356,823000,867000,INACTIVE,ao-nam,thoi-trang-nam
Áo Dạo phố màu Xanh 357,SKU-0357,san-pham-mau-357,Mô tả chi tiết cho sản phẩm số 357,659000,692000,DRAFT,thoi-trang-nam,giay-dep-nam,quan-nam
Váy Thể thao màu Hồng 358,SKU-0358,san-pham-mau-358,Mô tả chi tiết cho sản phẩm số 358,586000,616000,INACTIVE,thoi-trang-nam
Đầm Thể thao màu Vàng 359,SKU-0359,san-pham-mau-359,Mô tả chi tiết cho sản phẩm số 359,618000,637000,INACTIVE,ao-nam
Giày Thể thao màu Vàng 360,SKU-0360,san-pham-mau-360,Mô tả chi tiết cho sản phẩm số 360,168000,206000,INACTIVE,quan-nam,ao-nam,thoi-trang-nam
Giày Dạo phố màu Vàng 361,SKU-0361,san-pham-mau-361,Mô tả chi tiết cho sản phẩm số 361,216000,242000,ACTIVE,giay-dep-nam
Váy Dự tiệc màu Vàng 362,SKU-0362,san-pham-mau-362,Mô tả chi tiết cho sản phẩm số 362,483000,498000,DRAFT,thoi-trang-nam,ao-nam,giay-dep-nam
Quần Dự tiệc màu Trắng 363,SKU-0363,san-pham-mau-363,Mô tả chi tiết cho sản phẩm số 363,287000,314000,ACTIVE,ao-nam
Túi Dự tiệc màu Trắng 364,SKU-0364,san-pham-mau-364,Mô tả chi tiết cho sản phẩm số 364,858000,895000,ACTIVE,giay-dep-nam,ao-nam,thoi-trang-nu
Váy Dạo phố màu Xanh 365,SKU-0365,san-pham-mau-365,Mô tả chi tiết cho sản phẩm số 365,339000,350000,INACTIVE,ao-nam
Túi Công sở màu Hồng 366,SKU-0366,san-pham-mau-366,Mô tả chi tiết cho sản phẩm số 366,228000,245000,ACTIVE,thoi-trang-nu,thoi-trang-nam,ao-nam
Quần Thể thao màu Vàng 367,SKU-0367,san-pham-mau-367,Mô tả chi tiết cho sản phẩm số 367,188000,213000,DRAFT,thoi-trang-nam,quan-nam,giay-dep-nam
Áo Dạo phố màu Đỏ 368,SKU-0368,san-pham-mau-368,Mô tả chi tiết cho sản phẩm số 368,456000,488000,DRAFT,giay-dep-nam,ao-nam
Đầm Dự tiệc màu Xanh 369,SKU-0369,san-pham-mau-369,Mô tả chi tiết cho sản phẩm số 369,409000,434000,DRAFT,thoi-trang-nam
Đầm Thể thao màu Hồng 370,SKU-0370,san-pham-mau-370,Mô tả chi tiết cho sản phẩm số 370,910000,939000,INACTIVE,giay-dep-nam,quan-nam
Túi Dự tiệc màu Trắng 371,SKU-0371,san-pham-mau-371,Mô tả chi tiết cho sản phẩm số 371,403000,450000,INACTIVE,thoi-trang-nu,ao-nam
Đầm Dự tiệc màu Xanh 372,SKU-0372,san-pham-mau-372,Mô tả chi tiết cho sản phẩm số 372,234000,260000,ACTIVE,thoi-trang-nam,thoi-trang-nu
Giày Dự tiệc màu Xanh 373,SKU-0373,san-pham-mau-373,Mô tả chi tiết cho sản phẩm số 373,191000,207000,ACTIVE,giay-dep-nam,quan-nam
Túi Công sở màu Trắng 374,SKU-0374,san-pham-mau-374,Mô tả chi tiết cho sản phẩm số 374,826000,866000,INACTIVE,giay-dep-nam
Áo Dạo phố màu Vàng 375,SKU-0375,san-pham-mau-375,Mô tả chi tiết cho sản phẩm số 375,871000,893000,ACTIVE,thoi-trang-nam
Váy Dạo phố màu Hồng 376,SKU-0376,san-pham-mau-376,Mô tả chi tiết cho sản phẩm số 376,772000,810000,ACTIVE,thoi-trang-nu,ao-nam
Váy Công sở màu Xanh 377,SKU-0377,san-pham-mau-377,Mô tả chi tiết cho sản phẩm số 377,103000,113000,ACTIVE,quan-nam
Túi Thể thao màu Xanh 378,SKU-0378,san-pham-mau-378,Mô tả chi tiết cho sản phẩm số 378,457000,472000,ACTIVE,thoi-trang-nu,quan-nam,giay-dep-nam
Quần Thể thao màu Vàng 379,SKU-0379,san-pham-mau-379,Mô tả chi tiết cho sản phẩm số 379,870000,899000,ACTIVE,thoi-trang-nu
Đầm Dạo phố màu Đen 380,SKU-0380,san-pham-mau-380,Mô tả chi tiết cho sản phẩm số 380,131000,166000,ACTIVE,giay-dep-nam,ao-nam
Váy Thể thao màu Đen 381,SKU-0381,san-pham-mau-381,Mô tả chi tiết cho sản phẩm số 381,850000,886000,DRAFT,thoi-trang-nu
Quần Thể thao màu Xanh 382,SKU-0382,san-pham-mau-382,Mô tả chi tiết cho sản phẩm số 382,932000,962000,INACTIVE,ao-nam
Áo Thể thao màu Xanh 383,SKU-0383,san-pham-mau-383,Mô tả chi tiết cho sản phẩm số 383,211000,253000,INACTIVE,ao-nam,thoi-trang-nu,giay-dep-nam
Túi Công sở màu Đen 384,SKU-0384,san-pham-mau-384,Mô tả chi tiết cho sản phẩm số 384,876000,889000,INACTIVE,thoi-trang-nam,thoi-trang-nu,ao-nam
Giày Dạo phố màu Trắng 385,SKU-0385,san-pham-mau-385,Mô tả chi tiết cho sản phẩm số 385,327000,339000,ACTIVE,thoi-trang-nam
Quần Dạo phố màu Trắng 386,SKU-0386,san-pham-mau-386,Mô tả chi tiết cho sản phẩm số 386,170000,190000,INACTIVE,quan-nam
Váy Thể thao màu Hồng 387,SKU-0387,san-pham-mau-387,Mô tả chi tiết cho sản phẩm số 387,775000,810000,DRAFT,quan-nam,giay-dep-nam,thoi-trang-nu
Váy Dạo phố màu Xanh 388,SKU-0388,san-pham-mau-388,Mô tả chi tiết cho sản phẩm số 388,155000,188000,INACTIVE,thoi-trang-nu,ao-nam,giay-dep-nam
Đầm Thể thao màu Đỏ 389,SKU-0389,san-pham-mau-389,Mô tả chi tiết cho sản phẩm số 389,930000,968000,ACTIVE,giay-dep-nam,ao-nam,thoi-trang-nu
Túi Dự tiệc màu Vàng 390,SKU-0390,san-pham-mau-390,Mô tả chi tiết cho sản phẩm số 390,145000,174000,ACTIVE,giay-dep-nam,thoi-trang-nu,quan-nam
Quần Công sở màu Vàng 391,SKU-0391,san-pham-mau-391,Mô tả chi tiết cho sản phẩm số 391,186000,204000,ACTIVE,thoi-trang-nu,ao-nam,giay-dep-nam
Áo Công sở màu Đen 392,SKU-0392,san-pham-mau-392,Mô tả chi tiết cho sản phẩm số 392,224000,258000,DRAFT,giay-dep-nam
Quần Công sở màu Hồng 393,SKU-0393,san-pham-mau-393,Mô tả chi tiết cho sản phẩm số 393,952000,1000000,INACTIVE,quan-nam,giay-dep-nam
Giày Dự tiệc màu Xanh 394,SKU-0394,san-pham-mau-394,Mô tả chi tiết cho sản phẩm số 394,294000,319000,ACTIVE,ao-nam
Đầm Thể thao màu Đen 395,SKU-0395,san-pham-mau-395,Mô tả chi tiết cho sản phẩm số 395,176000,212000,ACTIVE,ao-nam,giay-dep-nam
Váy Công sở màu Vàng 396,SKU-0396,san-pham-mau-396,Mô tả chi tiết cho sản phẩm số 396,784000,820000,INACTIVE,giay-dep-nam,quan-nam
Áo Dạo phố màu Đen 397,SKU-0397,san-pham-mau-397,Mô tả chi tiết cho sản phẩm số 397,105000,154000,ACTIVE,ao-nam,thoi-trang-nu
Váy Công sở màu Đen 398,SKU-0398,san-pham-mau-398,Mô tả chi tiết cho sản phẩm số 398,506000,519000,DRAFT,thoi-trang-nu,giay-dep-nam,thoi-trang-nam
Giày Thể thao màu Đỏ 399,SKU-0399,san-pham-mau-399,Mô tả chi tiết cho sản phẩm số 399,243000,267000,DRAFT,ao-nam,giay-dep-nam
Giày Dạo phố màu Trắng 400,SKU-0400,san-pham-mau-400,Mô tả chi tiết cho sản phẩm số 400,192000,229000,DRAFT,ao-nam,quan-nam,giay-dep-nam
Quần Dạo phố màu Vàng 401,SKU-0401,san-pham-mau-401,Mô tả chi tiết cho sản phẩm số 401,468000,505000,DRAFT,giay-dep-nam,thoi-trang-nu,thoi-trang-nam
Giày Dạo phố màu Đen 402,SKU-0402,san-pham-mau-402,Mô tả chi tiết cho sản phẩm số 402,796000,817000,ACTIVE,thoi-trang-nam
Quần Dự tiệc màu Xanh 403,SKU-0403,san-pham-mau-403,Mô tả chi tiết cho sản phẩm số 403,566000,594000,DRAFT,quan-nam,giay-dep-nam,ao-nam
Giày Công sở màu Hồng 404,SKU-0404,san-pham-mau-404,Mô tả chi tiết cho sản phẩm số 404,693000,707000,ACTIVE,quan-nam,ao-nam
Quần Dự tiệc màu Đen 405,SKU-0405,san-pham-mau-405,Mô tả chi tiết cho sản phẩm số 405,868000,908000,ACTIVE,ao-nam,giay-dep-nam,quan-nam
Váy Dạo phố màu Vàng 406,SKU-0406,san-pham-mau-406,Mô tả chi tiết cho sản phẩm số 406,942000,978000,DRAFT,ao-nam,quan-nam,giay-dep-nam
Giày Công sở màu Trắng 407,SKU-0407,san-pham-mau-407,Mô tả chi tiết cho sản phẩm số 407,358000,388000,DRAFT,thoi-trang-nam,thoi-trang-nu,giay-dep-nam
Áo Dự tiệc màu Đen 408,SKU-0408,san-pham-mau-408,Mô tả chi tiết cho sản phẩm số 408,864000,889000,INACTIVE,thoi-trang-nu,giay-dep-nam
Váy Công sở màu Hồng 409,SKU-0409,san-pham-mau-409,Mô tả chi tiết cho sản phẩm số 409,353000,402000,ACTIVE,ao-nam
Đầm Công sở màu Đỏ 410,SKU-0410,san-pham-mau-410,Mô tả chi tiết cho sản phẩm số 410,497000,527000,INACTIVE,giay-dep-nam
Áo Dạo phố màu Đen 411,SKU-0411,san-pham-mau-411,Mô tả chi tiết cho sản phẩm số 411,457000,482000,ACTIVE,giay-dep-nam,thoi-trang-nam,quan-nam
Giày Dự tiệc màu Xanh 412,SKU-0412,san-pham-mau-412,Mô tả chi tiết cho sản phẩm số 412,562000,590000,ACTIVE,thoi-trang-nu
Túi Thể thao màu Đỏ 413,SKU-0413,san-pham-mau-413,Mô tả chi tiết cho sản phẩm số 413,482000,517000,ACTIVE,thoi-trang-nam
Túi Dạo phố màu Xanh 414,SKU-0414,san-pham-mau-414,Mô tả chi tiết cho sản phẩm số 414,923000,965000,INACTIVE,thoi-trang-nu,giay-dep-nam
Giày Dự tiệc màu Đen 415,SKU-0415,san-pham-mau-415,Mô tả chi tiết cho sản phẩm số 415,476000,523000,INACTIVE,ao-nam,thoi-trang-nam,quan-nam
Đầm Thể thao màu Hồng 416,SKU-0416,san-pham-mau-416,Mô tả chi tiết cho sản phẩm số 416,225000,267000,DRAFT,giay-dep-nam
Túi Thể thao màu Đỏ 417,SKU-0417,san-pham-mau-417,Mô tả chi tiết cho sản phẩm số 417,866000,897000,INACTIVE,thoi-trang-nam
Áo Thể thao màu Đen 418,SKU-0418,san-pham-mau-418,Mô tả chi tiết cho sản phẩm số 418,668000,680000,DRAFT,thoi-trang-nam,quan-nam
Giày Công sở màu Đen 419,SKU-0419,san-pham-mau-419,Mô tả chi tiết cho sản phẩm số 419,595000,615000,INACTIVE,giay-dep-nam,ao-nam,thoi-trang-nu
Đầm Dạo phố màu Trắng 420,SKU-0420,san-pham-mau-420,Mô tả chi tiết cho sản phẩm số 420,443000,485000,DRAFT,thoi-trang-nu
Túi Dự tiệc màu Xanh 421,SKU-0421,san-pham-mau-421,Mô tả chi tiết cho sản phẩm số 421,577000,620000,ACTIVE,giay-dep-nam,ao-nam
Giày Dạo phố màu Hồng 422,SKU-0422,san-pham-mau-422,Mô tả chi tiết cho sản phẩm số 422,365000,386000,DRAFT,thoi-trang-nam,giay-dep-nam
Áo Dạo phố màu Đen 423,SKU-0423,san-pham-mau-423,Mô tả chi tiết cho sản phẩm số 423,721000,740000,DRAFT,thoi-trang-nu,ao-nam,quan-nam
Giày Dự tiệc màu Đen 424,SKU-0424,san-pham-mau-424,Mô tả chi tiết cho sản phẩm số 424,992000,1036000,INACTIVE,ao-nam
Váy Thể thao màu Trắng 425,SKU-0425,san-pham-mau-425,Mô tả chi tiết cho sản phẩm số 425,658000,699000,DRAFT,thoi-trang-nu
Đầm Công sở màu Vàng 426,SKU-0426,san-pham-mau-426,Mô tả chi tiết cho sản phẩm số 426,923000,934000,INACTIVE,giay-dep-nam,thoi-trang-nam
Giày Dạo phố màu Đỏ 427,SKU-0427,san-pham-mau-427,Mô tả chi tiết cho sản phẩm số 427,217000,239000,INACTIVE,thoi-trang-nu,giay-dep-nam
Đầm Công sở màu Hồng 428,SKU-0428,san-pham-mau-428,Mô tả chi tiết cho sản phẩm số 428,147000,188000,DRAFT,thoi-trang-nu,giay-dep-nam,ao-nam
Đầm Công sở màu Trắng 429,SKU-0429,san-pham-mau-429,Mô tả chi tiết cho sản phẩm số 429,191000,215000,DRAFT,quan-nam,giay-dep-nam
Áo Công sở màu Trắng 430,SKU-0430,san-pham-mau-430,Mô tả chi tiết cho sản phẩm số 430,218000,243000,ACTIVE,thoi-trang-nam,ao-nam,thoi-trang-nu
Đầm Công sở màu Xanh 431,SKU-0431,san-pham-mau-431,Mô tả chi tiết cho sản phẩm số 431,520000,531000,DRAFT,thoi-trang-nu,thoi-trang-nam
Đầm Công sở màu Xanh 432,SKU-0432,san-pham-mau-432,Mô tả chi tiết cho sản phẩm số 432,163000,204000,INACTIVE,giay-dep-nam
Váy Công sở màu Trắng 433,SKU-0433,san-pham-mau-433,Mô tả chi tiết cho sản phẩm số 433,508000,556000,DRAFT,thoi-trang-nam,thoi-trang-nu,giay-dep-nam
Áo Dự tiệc màu Xanh 434,SKU-0434,san-pham-mau-434,Mô tả chi tiết cho sản phẩm số 434,599000,631000,ACTIVE,giay-dep-nam,thoi-trang-nu,thoi-trang-nam
Giày Thể thao màu Hồng 435,SKU-0435,san-pham-mau-435,Mô tả chi tiết cho sản phẩm số 435,482000,516000,DRAFT,quan-nam,ao-nam
Đầm Thể thao màu Xanh 436,SKU-0436,san-pham-mau-436,Mô tả chi tiết cho sản phẩm số 436,503000,517000,DRAFT,ao-nam,thoi-trang-nam,quan-nam
Giày Dự tiệc màu Vàng 437,SKU-0437,san-pham-mau-437,Mô tả chi tiết cho sản phẩm số 437,184000,208000,INACTIVE,quan-nam,thoi-trang-nu
Váy Dạo phố màu Xanh 438,SKU-0438,san-pham-mau-438,Mô tả chi tiết cho sản phẩm số 438,994000,1004000,DRAFT,thoi-trang-nu,thoi-trang-nam
Đầm Thể thao màu Trắng 439,SKU-0439,san-pham-mau-439,Mô tả chi tiết cho sản phẩm số 439,510000,539000,DRAFT,quan-nam
Váy Dự tiệc màu Hồng 440,SKU-0440,san-pham-mau-440,Mô tả chi tiết cho sản phẩm số 440,857000,884000,INACTIVE,thoi-trang-nam,thoi-trang-nu
Đầm Dự tiệc màu Xanh 441,SKU-0441,san-pham-mau-441,Mô tả chi tiết cho sản phẩm số 441,300000,323000,INACTIVE,giay-dep-nam
Giày Thể thao màu Hồng 442,SKU-0442,san-pham-mau-442,Mô tả chi tiết cho sản phẩm số 442,783000,805000,DRAFT,quan-nam,thoi-trang-nam
Đầm Thể thao màu Vàng 443,SKU-0443,san-pham-mau-443,Mô tả chi tiết cho sản phẩm số 443,112000,149000,DRAFT,ao-nam,thoi-trang-nam,thoi-trang-nu
Túi Dự tiệc màu Đỏ 444,SKU-0444,san-pham-mau-444,Mô tả chi tiết cho sản phẩm số 444,564000,607000,DRAFT,thoi-trang-nu,giay-dep-nam,thoi-trang-nam
Quần Dự tiệc màu Xanh 445,SKU-0445,san-pham-mau-445,Mô tả chi tiết cho sản phẩm số 445,316000,346000,ACTIVE,thoi-trang-nam,quan-nam,thoi-trang-nu
Váy Công sở màu Đen 446,SKU-0446,san-pham-mau-446,Mô tả chi tiết cho sản phẩm số 446,408000,425000,INACTIVE,thoi-trang-nam,quan-nam
Túi Công sở màu Trắng 447,SKU-0447,san-pham-mau-447,Mô tả chi tiết cho sản phẩm số 447,956000,984000,ACTIVE,thoi-trang-nam,ao-nam,thoi-trang-nu
Đầm Công sở màu Xanh 448,SKU-0448,san-pham-mau-448,Mô tả chi tiết cho sản phẩm số 448,321000,366000,INACTIVE,thoi-trang-nam,ao-nam,quan-nam
Áo Thể thao màu Trắng 449,SKU-0449,san-pham-mau-449,Mô tả chi tiết cho sản phẩm số 449,742000,756000,ACTIVE,ao-nam,thoi-trang-nu
Áo Thể thao màu Đỏ 450,SKU-0450,san-pham-mau-450,Mô tả chi tiết cho sản phẩm số 450,672000,703000,DRAFT,giay-dep-nam
Váy Dạo phố màu Vàng 451,SKU-0451,san-pham-mau-451,Mô tả chi tiết cho sản phẩm số 451,621000,647000,DRAFT,thoi-trang-nu,ao-nam,quan-nam
Đầm Thể thao màu Trắng 452,SKU-0452,san-pham-mau-452,Mô tả chi tiết cho sản phẩm số 452,993000,1018000,ACTIVE,ao-nam
Áo Công sở màu Xanh 453,SKU-0453,san-pham-mau-453,Mô tả chi tiết cho sản phẩm số 453,720000,765000,DRAFT,thoi-trang-nam,thoi-trang-nu,quan-nam
Quần Dự tiệc màu Vàng 454,SKU-0454,san-pham-mau-454,Mô tả chi tiết cho sản phẩm số 454,261000,278000,ACTIVE,quan-nam,thoi-trang-nu,thoi-trang-nam
Váy Công sở màu Xanh 455,SKU-0455,san-pham-mau-455,Mô tả chi tiết cho sản phẩm số 455,260000,273000,DRAFT,quan-nam
Giày Dự tiệc màu Xanh 456,SKU-0456,san-pham-mau-456,Mô tả chi tiết cho sản phẩm số 456,653000,701000,INACTIVE,thoi-trang-nu
Đầm Thể thao màu Đen 457,SKU-0457,san-pham-mau-457,Mô tả chi tiết cho sản phẩm số 457,673000,722000,ACTIVE,thoi-trang-nu,quan-nam
Túi Dự tiệc màu Xanh 458,SKU-0458,san-pham-mau-458,Mô tả chi tiết cho sản phẩm số 458,594000,619000,ACTIVE,ao-nam,thoi-trang-nu
Quần Công sở màu Vàng 459,SKU-0459,san-pham-mau-459,Mô tả chi tiết cho sản phẩm số 459,196000,227000,ACTIVE,thoi-trang-nam
Quần Thể thao màu Xanh 460,SKU-0460,san-pham-mau-460,Mô tả chi tiết cho sản phẩm số 460,479000,506000,DRAFT,thoi-trang-nu,giay-dep-nam
Giày Dạo phố màu Xanh 461,SKU-0461,san-pham-mau-461,Mô tả chi tiết cho sản phẩm số 461,525000,559000,ACTIVE,thoi-trang-nu,ao-nam,thoi-trang-nam
Áo Dự tiệc màu Đỏ 462,SKU-0462,san-pham-mau-462,Mô tả chi tiết cho sản phẩm số 462,219000,261000,DRAFT,quan-nam,thoi-trang-nu,giay-dep-nam
Giày Thể thao màu Đỏ 463,SKU-0463,san-pham-mau-463,Mô tả chi tiết cho sản phẩm số 463,253000,286000,ACTIVE,thoi-trang-nu,giay-dep-nam,ao-nam
Túi Công sở màu Vàng 464,SKU-0464,san-pham-mau-464,Mô tả chi tiết cho sản phẩm số 464,691000,725000,INACTIVE,quan-nam
Giày Dự tiệc màu Trắng 465,SKU-0465,san-pham-mau-465,Mô tả chi tiết cho sản phẩm số 465,679000,727000,DRAFT,thoi-trang-nam
Quần Công sở màu Xanh 466,SKU-0466,san-pham-mau-466,Mô tả chi tiết cho sản phẩm số 466,653000,664000,ACTIVE,ao-nam
Váy Dạo phố màu Đỏ 467,SKU-0467,san-pham-mau-467,Mô tả chi tiết cho sản phẩm số 467,307000,326000,ACTIVE,quan-nam,thoi-trang-nam,ao-nam
Túi Công sở màu Đỏ 468,SKU-0468,san-pham-mau-468,Mô tả chi tiết cho sản phẩm số 468,914000,955000,ACTIVE,thoi-trang-nam
Quần Thể thao màu Đỏ 469,SKU-0469,san-pham-mau-469,Mô tả chi tiết cho sản phẩm số 469,608000,641000,ACTIVE,thoi-trang-nam
Giày Dạo phố màu Hồng 470,SKU-0470,san-pham-mau-470,Mô tả chi tiết cho sản phẩm số 470,638000,666000,INACTIVE,thoi-trang-nam,giay-dep-nam
Giày Công sở màu Vàng 471,SKU-0471,san-pham-mau-471,Mô tả chi tiết cho sản phẩm số 471,599000,627000,INACTIVE,giay-dep-nam,thoi-trang-nam
Đầm Công sở màu Hồng 472,SKU-0472,san-pham-mau-472,Mô tả chi tiết cho sản phẩm số 472,945000,972000,ACTIVE,thoi-trang-nu,giay-dep-nam,quan-nam
Váy Dự tiệc màu Trắng 473,SKU-0473,san-pham-mau-473,Mô tả chi tiết cho sản phẩm số 473,619000,650000,ACTIVE,thoi-trang-nam
Giày Thể thao màu Xanh 474,SKU-0474,san-pham-mau-474,Mô tả chi tiết cho sản phẩm số 474,270000,293000,DRAFT,quan-nam,thoi-trang-nu
Váy Dạo phố màu Trắng 475,SKU-0475,san-pham-mau-475,Mô tả chi tiết cho sản phẩm số 475,792000,840000,INACTIVE,giay-dep-nam,thoi-trang-nam
Áo Công sở màu Đỏ 476,SKU-0476,san-pham-mau-476,Mô tả chi tiết cho sản phẩm số 476,642000,675000,INACTIVE,thoi-trang-nu
Áo Dạo phố màu Xanh 477,SKU-0477,san-pham-mau-477,Mô tả chi tiết cho sản phẩm số 477,487000,498000,INACTIVE,thoi-trang-nu
Giày Công sở màu Vàng 478,SKU-0478,san-pham-mau-478,Mô tả chi tiết cho sản phẩm số 478,347000,364000,ACTIVE,thoi-trang-nam,thoi-trang-nu
Đầm Thể thao màu Vàng 479,SKU-0479,san-pham-mau-479,Mô tả chi tiết cho sản phẩm số 479,557000,593000,DRAFT,thoi-trang-nu
Quần Dạo phố màu Đỏ 480,SKU-0480,san-pham-mau-480,Mô tả chi tiết cho sản phẩm số 480,791000,821000,INACTIVE,thoi-trang-nam
Quần Thể thao màu Vàng 481,SKU-0481,san-pham-mau-481,Mô tả chi tiết cho sản phẩm số 481,261000,276000,ACTIVE,ao-nam
Đầm Thể thao màu Vàng 482,SKU-0482,san-pham-mau-482,Mô tả chi tiết cho sản phẩm số 482,746000,780000,DRAFT,thoi-trang-nu,thoi-trang-nam,ao-nam
Giày Dạo phố màu Xanh 483,SKU-0483,san-pham-mau-483,Mô tả chi tiết cho sản phẩm số 483,627000,652000,DRAFT,quan-nam
Quần Công sở màu Đỏ 484,SKU-0484,san-pham-mau-484,Mô tả chi tiết cho sản phẩm số 484,621000,635000,INACTIVE,quan-nam,thoi-trang-nam,thoi-trang-nu
Quần Dạo phố màu Đỏ 485,SKU-0485,san-pham-mau-485,Mô tả chi tiết cho sản phẩm số 485,452000,485000,ACTIVE,thoi-trang-nam,thoi-trang-nu
Đầm Công sở màu Vàng 486,SKU-0486,san-pham-mau-486,Mô tả chi tiết cho sản phẩm số 486,645000,686000,INACTIVE,thoi-trang-nu,thoi-trang-nam
Váy Dự tiệc màu Hồng 487,SKU-0487,san-pham-mau-487,Mô tả chi tiết cho sản phẩm số 487,565000,591000,DRAFT,ao-nam,quan-nam,giay-dep-nam
Váy Dạo phố màu Vàng 488,SKU-0488,san-pham-mau-488,Mô tả chi tiết cho sản phẩm số 488,816000,827000,INACTIVE,thoi-trang-nu
Túi Công sở màu Vàng 489,SKU-0489,san-pham-mau-489,Mô tả chi tiết cho sản phẩm số 489,718000,746000,DRAFT,ao-nam,thoi-trang-nam
Váy Dự tiệc màu Trắng 490,SKU-0490,san-pham-mau-490,Mô tả chi tiết cho sản phẩm số 490,459000,479000,DRAFT,ao-nam
Giày Dạo phố màu Xanh 491,SKU-0491,san-pham-mau-491,Mô tả chi tiết cho sản phẩm số 491,613000,625000,INACTIVE,quan-nam
Đầm Dạo phố màu Trắng 492,SKU-0492,san-pham-mau-492,Mô tả chi tiết cho sản phẩm số 492,353000,379000,DRAFT,ao-nam
Đầm Dự tiệc màu Hồng 493,SKU-0493,san-pham-mau-493,Mô tả chi tiết cho sản phẩm số 493,141000,160000,ACTIVE,ao-nam,giay-dep-nam,thoi-trang-nam
Giày Công sở màu Đen 494,SKU-0494,san-pham-mau-494,Mô tả chi tiết cho sản phẩm số 494,418000,453000,ACTIVE,ao-nam
Áo Dạo phố màu Đỏ 495,SKU-0495,san-pham-mau-495,Mô tả chi tiết cho sản phẩm số 495,553000,598000,ACTIVE,thoi-trang-nam,thoi-trang-nu
Áo Thể thao màu Xanh 496,SKU-0496,san-pham-mau-496,Mô tả chi tiết cho sản phẩm số 496,969000,992000,ACTIVE,quan-nam
Váy Thể thao màu Đỏ 497,SKU-0497,san-pham-mau-497,Mô tả chi tiết cho sản phẩm số 497,109000,124000,DRAFT,thoi-trang-nam,giay-dep-nam
Áo Dạo phố màu Hồng 498,SKU-0498,san-pham-mau-498,Mô tả chi tiết cho sản phẩm số 498,588000,636000,INACTIVE,giay-dep-nam,thoi-trang-nam,quan-nam
Đầm Dự tiệc màu Đen 499,SKU-0499,san-pham-mau-499,Mô tả chi tiết cho sản phẩm số 499,792000,802000,INACTIVE,thoi-trang-nu,quan-nam
Váy Dự tiệc màu Hồng 500,SKU-0500,san-pham-mau-500,Mô tả chi tiết cho sản phẩm số 500,121000,142000,DRAFT,thoi-trang-nam,thoi-trang-nu,quan-nam
Túi Công sở màu Đen 501,SKU-0501,san-pham-mau-501,Mô tả chi tiết cho sản phẩm số 501,171000,181000,ACTIVE,thoi-trang-nam,ao-nam
Quần Thể thao màu Đen 502,SKU-0502,san-pham-mau-502,Mô tả chi tiết cho sản phẩm số 502,471000,496000,ACTIVE,ao-nam,quan-nam
Giày Thể thao màu Xanh 503,SKU-0503,san-pham-mau-503,Mô tả chi tiết cho sản phẩm số 503,793000,805000,INACTIVE,quan-nam
Quần Công sở màu Vàng 504,SKU-0504,san-pham-mau-504,Mô tả chi tiết cho sản phẩm số 504,848000,874000,ACTIVE,quan-nam,thoi-trang-nu
Áo Dự tiệc màu Vàng 505,SKU-0505,san-pham-mau-505,Mô tả chi tiết cho sản phẩm số 505,940000,958000,DRAFT,giay-dep-nam,ao-nam
Quần Dự tiệc màu Hồng 506,SKU-0506,san-pham-mau-506,Mô tả chi tiết cho sản phẩm số 506,101000,128000,DRAFT,thoi-trang-nam,thoi-trang-nu,giay-dep-nam
Đầm Dự tiệc màu Vàng 507,SKU-0507,san-pham-mau-507,Mô tả chi tiết cho sản phẩm số 507,856000,880000,ACTIVE,giay-dep-nam
Váy Dạo phố màu Hồng 508,SKU-0508,san-pham-mau-508,Mô tả chi tiết cho sản phẩm số 508,853000,886000,ACTIVE,ao-nam,giay-dep-nam,thoi-trang-nam
Áo Dự tiệc màu Vàng 509,SKU-0509,san-pham-mau-509,Mô tả chi tiết cho sản phẩm số 509,396000,434000,DRAFT,ao-nam
Giày Công sở màu Vàng 510,SKU-0510,san-pham-mau-510,Mô tả chi tiết cho sản phẩm số 510,915000,938000,INACTIVE,ao-nam,quan-nam,thoi-trang-nu
Áo Dạo phố màu Đỏ 511,SKU-0511,san-pham-mau-511,Mô tả chi tiết cho sản phẩm số 511,182000,203000,DRAFT,giay-dep-nam,ao-nam
Giày Dạo phố màu Xanh 512,SKU-0512,san-pham-mau-512,Mô tả chi tiết cho sản phẩm số 512,647000,675000,DRAFT,quan-nam,thoi-trang-nu
Váy Công sở màu Đỏ 513,SKU-0513,san-pham-mau-513,Mô tả chi tiết cho sản phẩm số 513,430000,467000,DRAFT,thoi-trang-nu,giay-dep-nam,thoi-trang-nam
Váy Dạo phố màu Trắng 514,SKU-0514,san-pham-mau-514,Mô tả chi tiết cho sản phẩm số 514,652000,701000,DRAFT,quan-nam,giay-dep-nam,thoi-trang-nam
Quần Công sở màu Đỏ 515,SKU-0515,san-pham-mau-515,Mô tả chi tiết cho sản phẩm số 515,734000,754000,ACTIVE,ao-nam
Túi Công sở màu Xanh 516,SKU-0516,san-pham-mau-516,Mô tả chi tiết cho sản phẩm số 516,145000,184000,DRAFT,thoi-trang-nu,thoi-trang-nam,giay-dep-nam
Đầm Dự tiệc màu Vàng 517,SKU-0517,san-pham-mau-517,Mô tả chi tiết cho sản phẩm số 517,890000,925000,ACTIVE,giay-dep-nam,ao-nam
Giày Dự tiệc màu Vàng 518,SKU-0518,san-pham-mau-518,Mô tả chi tiết cho sản phẩm số 518,624000,646000,DRAFT,giay-dep-nam
Quần Dạo phố màu Vàng 519,SKU-0519,san-pham-mau-519,Mô tả chi tiết cho sản phẩm số 519,504000,522000,DRAFT,giay-dep-nam,ao-nam
Quần Dạo phố màu Hồng 520,SKU-0520,san-pham-mau-520,Mô tả chi tiết cho sản phẩm số 520,505000,529000,INACTIVE,quan-nam,thoi-trang-nu
Giày Thể thao màu Trắng 521,SKU-0521,san-pham-mau-521,Mô tả chi tiết cho sản phẩm số 521,546000,593000,INACTIVE,thoi-trang-nam
Quần Dự tiệc màu Trắng 522,SKU-0522,san-pham-mau-522,Mô tả chi tiết cho sản phẩm số 522,930000,979000,ACTIVE,thoi-trang-nu,thoi-trang-nam,ao-nam
Quần Công sở màu Đỏ 523,SKU-0523,san-pham-mau-523,Mô tả chi tiết cho sản phẩm số 523,385000,401000,DRAFT,ao-nam
Quần Dạo phố màu Trắng 524,SKU-0524,san-pham-mau-524,Mô tả chi tiết cho sản phẩm số 524,950000,967000,ACTIVE,thoi-trang-nam
Áo Dạo phố màu Xanh 525,SKU-0525,san-pham-mau-525,Mô tả chi tiết cho sản phẩm số 525,826000,854000,ACTIVE,thoi-trang-nam,thoi-trang-nu,quan-nam
Quần Dạo phố màu Hồng 526,SKU-0526,san-pham-mau-526,Mô tả chi tiết cho sản phẩm số 526,379000,417000,ACTIVE,quan-nam,giay-dep-nam,thoi-trang-nam
Quần Thể thao màu Xanh 527,SKU-0527,san-pham-mau-527,Mô tả chi tiết cho sản phẩm số 527,321000,363000,DRAFT,thoi-trang-nu
Áo Công sở màu Đen 528,SKU-0528,san-pham-mau-528,Mô tả chi tiết cho sản phẩm số 528,659000,675000,INACTIVE,giay-dep-nam,thoi-trang-nu,ao-nam
Đầm Công sở màu Đen 529,SKU-0529,san-pham-mau-529,Mô tả chi tiết cho sản phẩm số 529,558000,601000,ACTIVE,quan-nam
Quần Dự tiệc màu Đen 530,SKU-0530,san-pham-mau-530,Mô tả chi tiết cho sản phẩm số 530,847000,859000,ACTIVE,thoi-trang-nu
Túi Dạo phố màu Trắng 531,SKU-0531,san-pham-mau-531,Mô tả chi tiết cho sản phẩm số 531,299000,320000,INACTIVE,thoi-trang-nam
Túi Công sở màu Hồng 532,SKU-0532,san-pham-mau-532,Mô tả chi tiết cho sản phẩm số 532,565000,580000,DRAFT,thoi-trang-nam,thoi-trang-nu,quan-nam
Áo Thể thao màu Đỏ 533,SKU-0533,san-pham-mau-533,Mô tả chi tiết cho sản phẩm số 533,532000,552000,DRAFT,thoi-trang-nu,thoi-trang-nam
Túi Dạo phố màu Vàng 534,SKU-0534,san-pham-mau-534,Mô tả chi tiết cho sản phẩm số 534,627000,664000,ACTIVE,ao-nam,thoi-trang-nam
Quần Dạo phố màu Trắng 535,SKU-0535,san-pham-mau-535,Mô tả chi tiết cho sản phẩm số 535,380000,426000,DRAFT,thoi-trang-nam,giay-dep-nam
Quần Thể thao màu Đỏ 536,SKU-0536,san-pham-mau-536,Mô tả chi tiết cho sản phẩm số 536,802000,834000,INACTIVE,quan-nam,giay-dep-nam,thoi-trang-nu
Quần Thể thao màu Trắng 537,SKU-0537,san-pham-mau-537,Mô tả chi tiết cho sản phẩm số 537,862000,895000,DRAFT,thoi-trang-nam,quan-nam
Quần Công sở màu Đỏ 538,SKU-0538,san-pham-mau-538,Mô tả chi tiết cho sản phẩm số 538,283000,301000,DRAFT,giay-dep-nam,thoi-trang-nam
Quần Thể thao màu Đỏ 539,SKU-0539,san-pham-mau-539,Mô tả chi tiết cho sản phẩm số 539,582000,594000,DRAFT,ao-nam
Đầm Thể thao màu Đỏ 540,SKU-0540,san-pham-mau-540,Mô tả chi tiết cho sản phẩm số 540,988000,1035000,ACTIVE,quan-nam,thoi-trang-nam
Túi Công sở màu Xanh 541,SKU-0541,san-pham-mau-541,Mô tả chi tiết cho sản phẩm số 541,160000,181000,ACTIVE,thoi-trang-nam,quan-nam,ao-nam
Quần Dạo phố màu Đỏ 542,SKU-0542,san-pham-mau-542,Mô tả chi tiết cho sản phẩm số 542,601000,614000,INACTIVE,thoi-trang-nam,giay-dep-nam,thoi-trang-nu
Quần Công sở màu Đen 543,SKU-0543,san-pham-mau-543,Mô tả chi tiết cho sản phẩm số 543,993000,1028000,DRAFT,quan-nam
Đầm Công sở màu Đỏ 544,SKU-0544,san-pham-mau-544,Mô tả chi tiết cho sản phẩm số 544,141000,180000,ACTIVE,quan-nam,thoi-trang-nu
Áo Công sở màu Trắng 545,SKU-0545,san-pham-mau-545,Mô tả chi tiết cho sản phẩm số 545,685000,703000,DRAFT,giay-dep-nam,ao-nam
Túi Dạo phố màu Đỏ 546,SKU-0546,san-pham-mau-546,Mô tả chi tiết cho sản phẩm số 546,627000,651000,INACTIVE,quan-nam,thoi-trang-nam,giay-dep-nam
Đầm Thể thao màu Đỏ 547,SKU-0547,san-pham-mau-547,Mô tả chi tiết cho sản phẩm số 547,620000,666000,DRAFT,thoi-trang-nu
Đầm Thể thao màu Hồng 548,SKU-0548,san-pham-mau-548,Mô tả chi tiết cho sản phẩm số 548,523000,545000,ACTIVE,thoi-trang-nam
Váy Dự tiệc màu Đỏ 549,SKU-0549,san-pham-mau-549,Mô tả chi tiết cho sản phẩm số 549,286000,324000,ACTIVE,thoi-trang-nam
Đầm Công sở màu Vàng 550,SKU-0550,san-pham-mau-550,Mô tả chi tiết cho sản phẩm số 550,301000,317000,INACTIVE,ao-nam
Đầm Dạo phố màu Xanh 551,SKU-0551,san-pham-mau-551,Mô tả chi tiết cho sản phẩm số 551,175000,209000,ACTIVE,thoi-trang-nu,quan-nam
Giày Công sở màu Xanh 552,SKU-0552,san-pham-mau-552,Mô tả chi tiết cho sản phẩm số 552,878000,893000,ACTIVE,giay-dep-nam,thoi-trang-nu,thoi-trang-nam
Đầm Dạo phố màu Xanh 553,SKU-0553,san-pham-mau-553,Mô tả chi tiết cho sản phẩm số 553,314000,362000,INACTIVE,thoi-trang-nu
Túi Dự tiệc màu Xanh 554,SKU-0554,san-pham-mau-554,Mô tả chi tiết cho sản phẩm số 554,751000,775000,INACTIVE,ao-nam,quan-nam,giay-dep-nam
Áo Công sở màu Trắng 555,SKU-0555,san-pham-mau-555,Mô tả chi tiết cho sản phẩm số 555,652000,698000,ACTIVE,quan-nam,ao-nam
Giày Dự tiệc màu Vàng 556,SKU-0556,san-pham-mau-556,Mô tả chi tiết cho sản phẩm số 556,719000,748000,DRAFT,thoi-trang-nam,ao-nam
Giày Thể thao màu Trắng 557,SKU-0557,san-pham-mau-557,Mô tả chi tiết cho sản phẩm số 557,852000,863000,ACTIVE,thoi-trang-nu,giay-dep-nam,quan-nam
Túi Dự tiệc màu Vàng 558,SKU-0558,san-pham-mau-558,Mô tả chi tiết cho sản phẩm số 558,391000,435000,DRAFT,quan-nam,giay-dep-nam
Váy Dạo phố màu Xanh 559,SKU-0559,san-pham-mau-559,Mô tả chi tiết cho sản phẩm số 559,231000,244000,INACTIVE,giay-dep-nam,thoi-trang-nu
Váy Thể thao màu Vàng 560,SKU-0560,san-pham-mau-560,Mô tả chi tiết cho sản phẩm số 560,720000,733000,DRAFT,quan-nam
Túi Thể thao màu Trắng 561,SKU-0561,san-pham-mau-561,Mô tả chi tiết cho sản phẩm số 561,935000,954000,INACTIVE,ao-nam,thoi-trang-nu
Giày Dự tiệc màu Đỏ 562,SKU-0562,san-pham-mau-562,Mô tả chi tiết cho sản phẩm số 562,792000,806000,DRAFT,giay-dep-nam
Áo Dự tiệc màu Trắng 563,SKU-0563,san-pham-mau-563,Mô tả chi tiết cho sản phẩm số 563,501000,529000,DRAFT,quan-nam,ao-nam,thoi-trang-nu
Áo Dạo phố màu Hồng 564,SKU-0564,san-pham-mau-564,Mô tả chi tiết cho sản phẩm số 564,614000,641000,INACTIVE,thoi-trang-nam
Áo Công sở màu Xanh 565,SKU-0565,san-pham-mau-565,Mô tả chi tiết cho sản phẩm số 565,444000,457000,INACTIVE,thoi-trang-nam
Váy Công sở màu Trắng 566,SKU-0566,san-pham-mau-566,Mô tả chi tiết cho sản phẩm số 566,900000,939000,INACTIVE,thoi-trang-nu,ao-nam,quan-nam
Quần Thể thao màu Trắng 567,SKU-0567,san-pham-mau-567,Mô tả chi tiết cho sản phẩm số 567,656000,666000,INACTIVE,quan-nam
Đầm Thể thao màu Đen 568,SKU-0568,san-pham-mau-568,Mô tả chi tiết cho sản phẩm số 568,419000,436000,ACTIVE,ao-nam,thoi-trang-nu
Túi Thể thao màu Trắng 569,SKU-0569,san-pham-mau-569,Mô tả chi tiết cho sản phẩm số 569,640000,673000,DRAFT,ao-nam
Đầm Dạo phố màu Hồng 570,SKU-0570,san-pham-mau-570,Mô tả chi tiết cho sản phẩm số 570,638000,673000,DRAFT,thoi-trang-nu
Váy Dự tiệc màu Đen 571,SKU-0571,san-pham-mau-571,Mô tả chi tiết cho sản phẩm số 571,486000,498000,DRAFT,ao-nam
Váy Dạo phố màu Vàng 572,SKU-0572,san-pham-mau-572,Mô tả chi tiết cho sản phẩm số 572,997000,1029000,ACTIVE,quan-nam,ao-nam
Túi Công sở màu Đỏ 573,SKU-0573,san-pham-mau-573,Mô tả chi tiết cho sản phẩm số 573,908000,955000,DRAFT,thoi-trang-nam,giay-dep-nam
Đầm Thể thao màu Vàng 574,SKU-0574,san-pham-mau-574,Mô tả chi tiết cho sản phẩm số 574,677000,706000,INACTIVE,thoi-trang-nam,thoi-trang-nu
Áo Dự tiệc màu Xanh 575,SKU-0575,san-pham-mau-575,Mô tả chi tiết cho sản phẩm số 575,104000,126000,DRAFT,giay-dep-nam,thoi-trang-nam,ao-nam
Quần Dự tiệc màu Vàng 576,SKU-0576,san-pham-mau-576,Mô tả chi tiết cho sản phẩm số 576,720000,760000,DRAFT,giay-dep-nam
Đầm Dự tiệc màu Vàng 577,SKU-0577,san-pham-mau-577,Mô tả chi tiết cho sản phẩm số 577,249000,285000,INACTIVE,thoi-trang-nu
Giày Công sở màu Đỏ 578,SKU-0578,san-pham-mau-578,Mô tả chi tiết cho sản phẩm số 578,753000,801000,ACTIVE,thoi-trang-nam
Đầm Công sở màu Đen 579,SKU-0579,san-pham-mau-579,Mô tả chi tiết cho sản phẩm số 579,549000,586000,ACTIVE,thoi-trang-nam,ao-nam,quan-nam
Túi Dự tiệc màu Đỏ 580,SKU-0580,san-pham-mau-580,Mô tả chi tiết cho sản phẩm số 580,994000,1006000,INACTIVE,thoi-trang-nu,ao-nam,thoi-trang-nam
Túi Dạo phố màu Trắng 581,SKU-0581,san-pham-mau-581,Mô tả chi tiết cho sản phẩm số 581,306000,331000,DRAFT,thoi-trang-nu,thoi-trang-nam
Áo Dự tiệc màu Trắng 582,SKU-0582,san-pham-mau-582,Mô tả chi tiết cho sản phẩm số 582,110000,133000,DRAFT,giay-dep-nam
Túi Dạo phố màu Đen 583,SKU-0583,san-pham-mau-583,Mô tả chi tiết cho sản phẩm số 583,605000,640000,INACTIVE,giay-dep-nam,thoi-trang-nu
Túi Dự tiệc màu Xanh 584,SKU-0584,san-pham-mau-584,Mô tả chi tiết cho sản phẩm số 584,595000,607000,INACTIVE,thoi-trang-nam,quan-nam,giay-dep-nam
Quần Dạo phố màu Xanh 585,SKU-0585,san-pham-mau-585,Mô tả chi tiết cho sản phẩm số 585,171000,195000,DRAFT,thoi-trang-nu,giay-dep-nam
Quần Thể thao màu Xanh 586,SKU-0586,san-pham-mau-586,Mô tả chi tiết cho sản phẩm số 586,661000,708000,INACTIVE,quan-nam
Túi Thể thao màu Trắng 587,SKU-0587,san-pham-mau-587,Mô tả chi tiết cho sản phẩm số 587,690000,734000,DRAFT,thoi-trang-nam
Đầm Công sở màu Trắng 588,SKU-0588,san-pham-mau-588,Mô tả chi tiết cho sản phẩm số 588,888000,920000,DRAFT,thoi-trang-nam
Giày Dạo phố màu Xanh 589,SKU-0589,san-pham-mau-589,Mô tả chi tiết cho sản phẩm số 589,592000,607000,ACTIVE,thoi-trang-nam
Giày Thể thao màu Đen 590,SKU-0590,san-pham-mau-590,Mô tả chi tiết cho sản phẩm số 590,257000,304000,DRAFT,ao-nam,quan-nam,thoi-trang-nu
Quần Công sở màu Đen 591,SKU-0591,san-pham-mau-591,Mô tả chi tiết cho sản phẩm số 591,812000,841000,DRAFT,giay-dep-nam,thoi-trang-nam
Áo Công sở màu Đen 592,SKU-0592,san-pham-mau-592,Mô tả chi tiết cho sản phẩm số 592,927000,952000,ACTIVE,ao-nam
Giày Dự tiệc màu Trắng 593,SKU-0593,san-pham-mau-593,Mô tả chi tiết cho sản phẩm số 593,396000,417000,DRAFT,quan-nam
Túi Dạo phố màu Hồng 594,SKU-0594,san-pham-mau-594,Mô tả chi tiết cho sản phẩm số 594,126000,157000,DRAFT,ao-nam
Áo Công sở màu Vàng 595,SKU-0595,san-pham-mau-595,Mô tả chi tiết cho sản phẩm số 595,360000,387000,ACTIVE,ao-nam
Đầm Công sở màu Hồng 596,SKU-0596,san-pham-mau-596,Mô tả chi tiết cho sản phẩm số 596,789000,806000,ACTIVE,giay-dep-nam,ao-nam
Quần Dạo phố màu Hồng 597,SKU-0597,san-pham-mau-597,Mô tả chi tiết cho sản phẩm số 597,183000,224000,INACTIVE,giay-dep-nam,thoi-trang-nam
Áo Công sở màu Trắng 598,SKU-0598,san-pham-mau-598,Mô tả chi tiết cho sản phẩm số 598,321000,347000,DRAFT,thoi-trang-nu
Quần Công sở màu Trắng 599,SKU-0599,san-pham-mau-599,Mô tả chi tiết cho sản phẩm số 599,315000,356000,INACTIVE,giay-dep-nam,ao-nam,quan-nam
Áo Dự tiệc màu Đỏ 600,SKU-0600,san-pham-mau-600,Mô tả chi tiết cho sản phẩm số 600,101000,133000,INACTIVE,thoi-trang-nu
Quần Dự tiệc màu Hồng 601,SKU-0601,san-pham-mau-601,Mô tả chi tiết cho sản phẩm số 601,175000,187000,ACTIVE,thoi-trang-nam,quan-nam,giay-dep-nam
Đầm Công sở màu Trắng 602,SKU-0602,san-pham-mau-602,Mô tả chi tiết cho sản phẩm số 602,213000,231000,ACTIVE,giay-dep-nam,quan-nam,thoi-trang-nu
Áo Dự tiệc màu Xanh 603,SKU-0603,san-pham-mau-603,Mô tả chi tiết cho sản phẩm số 603,256000,287000,INACTIVE,ao-nam
Giày Dạo phố màu Xanh 604,SKU-0604,san-pham-mau-604,Mô tả chi tiết cho sản phẩm số 604,108000,157000,ACTIVE,quan-nam,thoi-trang-nu
Giày Công sở màu Đỏ 605,SKU-0605,san-pham-mau-605,Mô tả chi tiết cho sản phẩm số 605,672000,682000,ACTIVE,thoi-trang-nam,giay-dep-nam
Váy Thể thao màu Đỏ 606,SKU-0606,san-pham-mau-606,Mô tả chi tiết cho sản phẩm số 606,937000,983000,ACTIVE,thoi-trang-nam
Giày Công sở màu Đen 607,SKU-0607,san-pham-mau-607,Mô tả chi tiết cho sản phẩm số 607,564000,593000,INACTIVE,giay-dep-nam,thoi-trang-nam,ao-nam
Đầm Công sở màu Xanh 608,SKU-0608,san-pham-mau-608,Mô tả chi tiết cho sản phẩm số 608,426000,468000,DRAFT,quan-nam,thoi-trang-nu
Giày Công sở màu Đen 609,SKU-0609,san-pham-mau-609,Mô tả chi tiết cho sản phẩm số 609,843000,889000,ACTIVE,thoi-trang-nu,thoi-trang-nam,ao-nam
Quần Dự tiệc màu Xanh 610,SKU-0610,san-pham-mau-610,Mô tả chi tiết cho sản phẩm số 610,275000,285000,ACTIVE,ao-nam,giay-dep-nam,thoi-trang-nu
Túi Dự tiệc màu Đen 611,SKU-0611,san-pham-mau-611,Mô tả chi tiết cho sản phẩm số 611,702000,738000,INACTIVE,quan-nam,giay-dep-nam,thoi-trang-nam
Áo Thể thao màu Vàng 612,SKU-0612,san-pham-mau-612,Mô tả chi tiết cho sản phẩm số 612,908000,921000,DRAFT,giay-dep-nam
Túi Dạo phố màu Đen 613,SKU-0613,san-pham-mau-613,Mô tả chi tiết cho sản phẩm số 613,956000,1001000,ACTIVE,thoi-trang-nam,giay-dep-nam
Áo Thể thao màu Đỏ 614,SKU-0614,san-pham-mau-614,Mô tả chi tiết cho sản phẩm số 614,624000,638000,ACTIVE,giay-dep-nam,ao-nam,quan-nam
Áo Công sở màu Trắng 615,SKU-0615,san-pham-mau-615,Mô tả chi tiết cho sản phẩm số 615,458000,479000,INACTIVE,giay-dep-nam
Áo Công sở màu Trắng 616,SKU-0616,san-pham-mau-616,Mô tả chi tiết cho sản phẩm số 616,129000,149000,DRAFT,giay-dep-nam,thoi-trang-nu
Quần Dạo phố màu Trắng 617,SKU-0617,san-pham-mau-617,Mô tả chi tiết cho sản phẩm số 617,436000,481000,DRAFT,ao-nam,thoi-trang-nu
Đầm Dạo phố màu Hồng 618,SKU-0618,san-pham-mau-618,Mô tả chi tiết cho sản phẩm số 618,286000,308000,DRAFT,giay-dep-nam,thoi-trang-nam
Túi Công sở màu Đỏ 619,SKU-0619,san-pham-mau-619,Mô tả chi tiết cho sản phẩm số 619,641000,665000,INACTIVE,thoi-trang-nam,giay-dep-nam
Váy Dự tiệc màu Hồng 620,SKU-0620,san-pham-mau-620,Mô tả chi tiết cho sản phẩm số 620,388000,431000,DRAFT,quan-nam
Áo Dự tiệc màu Trắng 621,SKU-0621,san-pham-mau-621,Mô tả chi tiết cho sản phẩm số 621,777000,814000,DRAFT,giay-dep-nam,ao-nam
Giày Thể thao màu Đen 622,SKU-0622,san-pham-mau-622,Mô tả chi tiết cho sản phẩm số 622,909000,937000,ACTIVE,thoi-trang-nam,ao-nam
Váy Dự tiệc màu Đỏ 623,SKU-0623,san-pham-mau-623,Mô tả chi tiết cho sản phẩm số 623,226000,240000,DRAFT,quan-nam,ao-nam
Túi Thể thao màu Vàng 624,SKU-0624,san-pham-mau-624,Mô tả chi tiết cho sản phẩm số 624,712000,760000,INACTIVE,giay-dep-nam
Giày Dạo phố màu Đen 625,SKU-0625,san-pham-mau-625,Mô tả chi tiết cho sản phẩm số 625,901000,927000,DRAFT,quan-nam,thoi-trang-nam
Đầm Dự tiệc màu Đen 626,SKU-0626,san-pham-mau-626,Mô tả chi tiết cho sản phẩm số 626,577000,595000,ACTIVE,thoi-trang-nam
Giày Dự tiệc màu Đen 627,SKU-0627,san-pham-mau-627,Mô tả chi tiết cho sản phẩm số 627,863000,895000,INACTIVE,giay-dep-nam,thoi-trang-nam
Đầm Dự tiệc màu Trắng 628,SKU-0628,san-pham-mau-628,Mô tả chi tiết cho sản phẩm số 628,752000,762000,INACTIVE,giay-dep-nam,ao-nam
Áo Thể thao màu Hồng 629,SKU-0629,san-pham-mau-629,Mô tả chi tiết cho sản phẩm số 629,837000,870000,DRAFT,thoi-trang-nu
Váy Dạo phố màu Xanh 630,SKU-0630,san-pham-mau-630,Mô tả chi tiết cho sản phẩm số 630,620000,651000,ACTIVE,thoi-trang-nam,quan-nam
Giày Công sở màu Vàng 631,SKU-0631,san-pham-mau-631,Mô tả chi tiết cho sản phẩm số 631,271000,298000,INACTIVE,thoi-trang-nu
Đầm Dạo phố màu Đỏ 632,SKU-0632,san-pham-mau-632,Mô tả chi tiết cho sản phẩm số 632,822000,866000,INACTIVE,quan-nam
Giày Dự tiệc màu Trắng 633,SKU-0633,san-pham-mau-633,Mô tả chi tiết cho sản phẩm số 633,339000,374000,INACTIVE,ao-nam,giay-dep-nam
Đầm Công sở màu Xanh 634,SKU-0634,san-pham-mau-634,Mô tả chi tiết cho sản phẩm số 634,592000,616000,ACTIVE,thoi-trang-nam,quan-nam
Váy Công sở màu Đỏ 635,SKU-0635,san-pham-mau-635,Mô tả chi tiết cho sản phẩm số 635,598000,641000,DRAFT,thoi-trang-nam
Quần Thể thao màu Vàng 636,SKU-0636,san-pham-mau-636,Mô tả chi tiết cho sản phẩm số 636,677000,724000,DRAFT,ao-nam,thoi-trang-nam
Giày Công sở màu Hồng 637,SKU-0637,san-pham-mau-637,Mô tả chi tiết cho sản phẩm số 637,499000,540000,ACTIVE,thoi-trang-nu,giay-dep-nam,quan-nam
Giày Dạo phố màu Vàng 638,SKU-0638,san-pham-mau-638,Mô tả chi tiết cho sản phẩm số 638,486000,518000,DRAFT,giay-dep-nam,quan-nam
Đầm Thể thao màu Xanh 639,SKU-0639,san-pham-mau-639,Mô tả chi tiết cho sản phẩm số 639,706000,752000,ACTIVE,thoi-trang-nam,ao-nam
Áo Dạo phố màu Vàng 640,SKU-0640,san-pham-mau-640,Mô tả chi tiết cho sản phẩm số 640,651000,700000,ACTIVE,quan-nam,thoi-trang-nu,thoi-trang-nam
Áo Công sở màu Đen 641,SKU-0641,san-pham-mau-641,Mô tả chi tiết cho sản phẩm số 641,172000,212000,INACTIVE,ao-nam,quan-nam,thoi-trang-nu
Quần Dạo phố màu Hồng 642,SKU-0642,san-pham-mau-642,Mô tả chi tiết cho sản phẩm số 642,776000,802000,INACTIVE,ao-nam,quan-nam,giay-dep-nam
Váy Thể thao màu Xanh 643,SKU-0643,san-pham-mau-643,Mô tả chi tiết cho sản phẩm số 643,539000,583000,ACTIVE,giay-dep-nam
Váy Công sở màu Trắng 644,SKU-0644,san-pham-mau-644,Mô tả chi tiết cho sản phẩm số 644,372000,396000,INACTIVE,quan-nam,thoi-trang-nam,giay-dep-nam
Đầm Dự tiệc màu Hồng 645,SKU-0645,san-pham-mau-645,Mô tả chi tiết cho sản phẩm số 645,249000,280000,INACTIVE,thoi-trang-nam
Giày Dạo phố màu Đỏ 646,SKU-0646,san-pham-mau-646,Mô tả chi tiết cho sản phẩm số 646,729000,748000,DRAFT,ao-nam,thoi-trang-nam,giay-dep-nam
Túi Công sở màu Xanh 647,SKU-0647,san-pham-mau-647,Mô tả chi tiết cho sản phẩm số 647,798000,826000,INACTIVE,thoi-trang-nu
Giày Dự tiệc màu Đỏ 648,SKU-0648,san-pham-mau-648,Mô tả chi tiết cho sản phẩm số 648,312000,359000,ACTIVE,quan-nam,ao-nam,thoi-trang-nu
Áo Thể thao màu Trắng 649,SKU-0649,san-pham-mau-649,Mô tả chi tiết cho sản phẩm số 649,450000,474000,DRAFT,ao-nam
Quần Dự tiệc màu Hồng 650,SKU-0650,san-pham-mau-650,Mô tả chi tiết cho sản phẩm số 650,502000,516000,INACTIVE,thoi-trang-nu,ao-nam,giay-dep-nam
Quần Dự tiệc màu Trắng 651,SKU-0651,san-pham-mau-651,Mô tả chi tiết cho sản phẩm số 651,886000,906000,DRAFT,ao-nam,quan-nam
Quần Thể thao màu Trắng 652,SKU-0652,san-pham-mau-652,Mô tả chi tiết cho sản phẩm số 652,859000,872000,DRAFT,thoi-trang-nu,thoi-trang-nam,quan-nam
Túi Dạo phố màu Đen 653,SKU-0653,san-pham-mau-653,Mô tả chi tiết cho sản phẩm số 653,768000,782000,INACTIVE,quan-nam,thoi-trang-nu
Túi Công sở màu Vàng 654,SKU-0654,san-pham-mau-654,Mô tả chi tiết cho sản phẩm số 654,972000,987000,ACTIVE,ao-nam,quan-nam
Váy Công sở màu Đỏ 655,SKU-0655,san-pham-mau-655,Mô tả chi tiết cho sản phẩm số 655,200000,244000,INACTIVE,thoi-trang-nu,thoi-trang-nam,giay-dep-nam
Giày Công sở màu Đen 656,SKU-0656,san-pham-mau-656,Mô tả chi tiết cho sản phẩm số 656,992000,1026000,INACTIVE,thoi-trang-nu,ao-nam,quan-nam
Giày Dạo phố màu Vàng 657,SKU-0657,san-pham-mau-657,Mô tả chi tiết cho sản phẩm số 657,632000,642000,INACTIVE,quan-nam
Váy Dự tiệc màu Đỏ 658,SKU-0658,san-pham-mau-658,Mô tả chi tiết cho sản phẩm số 658,370000,391000,DRAFT,thoi-trang-nam
Túi Thể thao màu Đỏ 659,SKU-0659,san-pham-mau-659,Mô tả chi tiết cho sản phẩm số 659,410000,446000,INACTIVE,thoi-trang-nu,giay-dep-nam
Túi Dự tiệc màu Vàng 660,SKU-0660,san-pham-mau-660,Mô tả chi tiết cho sản phẩm số 660,904000,946000,ACTIVE,thoi-trang-nu,giay-dep-nam
Váy Dạo phố màu Đỏ 661,SKU-0661,san-pham-mau-661,Mô tả chi tiết cho sản phẩm số 661,838000,861000,DRAFT,ao-nam
Đầm Dạo phố màu Đỏ 662,SKU-0662,san-pham-mau-662,Mô tả chi tiết cho sản phẩm số 662,461000,499000,INACTIVE,ao-nam,giay-dep-nam
Váy Dạo phố màu Đen 663,SKU-0663,san-pham-mau-663,Mô tả chi tiết cho sản phẩm số 663,835000,878000,DRAFT,quan-nam
Quần Công sở màu Hồng 664,SKU-0664,san-pham-mau-664,Mô tả chi tiết cho sản phẩm số 664,246000,261000,DRAFT,thoi-trang-nam,thoi-trang-nu,ao-nam
Túi Thể thao màu Hồng 665,SKU-0665,san-pham-mau-665,Mô tả chi tiết cho sản phẩm số 665,255000,298000,DRAFT,ao-nam,quan-nam
Đầm Công sở màu Vàng 666,SKU-0666,san-pham-mau-666,Mô tả chi tiết cho sản phẩm số 666,798000,824000,INACTIVE,quan-nam,giay-dep-nam
Đầm Dự tiệc màu Xanh 667,SKU-0667,san-pham-mau-667,Mô tả chi tiết cho sản phẩm số 667,250000,280000,ACTIVE,ao-nam,thoi-trang-nu,quan-nam
Áo Công sở màu Đỏ 668,SKU-0668,san-pham-mau-668,Mô tả chi tiết cho sản phẩm số 668,164000,191000,ACTIVE,thoi-trang-nu
Túi Dự tiệc màu Trắng 669,SKU-0669,san-pham-mau-669,Mô tả chi tiết cho sản phẩm số 669,458000,475000,INACTIVE,quan-nam,ao-nam
Quần Thể thao màu Đen 670,SKU-0670,san-pham-mau-670,Mô tả chi tiết cho sản phẩm số 670,912000,938000,INACTIVE,quan-nam,giay-dep-nam,thoi-trang-nu
Quần Thể thao màu Đen 671,SKU-0671,san-pham-mau-671,Mô tả chi tiết cho sản phẩm số 671,910000,922000,DRAFT,quan-nam,giay-dep-nam
Áo Công sở màu Đỏ 672,SKU-0672,san-pham-mau-672,Mô tả chi tiết cho sản phẩm số 672,559000,570000,ACTIVE,thoi-trang-nu
Quần Thể thao màu Đỏ 673,SKU-0673,san-pham-mau-673,Mô tả chi tiết cho sản phẩm số 673,461000,491000,ACTIVE,quan-nam,thoi-trang-nam,giay-dep-nam
Túi Công sở màu Hồng 674,SKU-0674,san-pham-mau-674,Mô tả chi tiết cho sản phẩm số 674,219000,230000,ACTIVE,quan-nam
Váy Công sở màu Đỏ 675,SKU-0675,san-pham-mau-675,Mô tả chi tiết cho sản phẩm số 675,519000,539000,DRAFT,thoi-trang-nam,giay-dep-nam,ao-nam
Túi Thể thao màu Trắng 676,SKU-0676,san-pham-mau-676,Mô tả chi tiết cho sản phẩm số 676,199000,217000,ACTIVE,giay-dep-nam,thoi-trang-nu
Túi Công sở màu Đỏ 677,SKU-0677,san-pham-mau-677,Mô tả chi tiết cho sản phẩm số 677,477000,502000,DRAFT,quan-nam,ao-nam
Giày Dạo phố màu Vàng 678,SKU-0678,san-pham-mau-678,Mô tả chi tiết cho sản phẩm số 678,494000,540000,ACTIVE,thoi-trang-nu,ao-nam
Quần Công sở màu Trắng 679,SKU-0679,san-pham-mau-679,Mô tả chi tiết cho sản phẩm số 679,739000,781000,ACTIVE,thoi-trang-nu,giay-dep-nam
Giày Thể thao màu Đen 680,SKU-0680,san-pham-mau-680,Mô tả chi tiết cho sản phẩm số 680,669000,705000,INACTIVE,thoi-trang-nu,ao-nam
Giày Dự tiệc màu Vàng 681,SKU-0681,san-pham-mau-681,Mô tả chi tiết cho sản phẩm số 681,554000,600000,ACTIVE,thoi-trang-nu,quan-nam
Váy Dự tiệc màu Hồng 682,SKU-0682,san-pham-mau-682,Mô tả chi tiết cho sản phẩm số 682,310000,340000,DRAFT,quan-nam
Váy Dự tiệc màu Đen 683,SKU-0683,san-pham-mau-683,Mô tả chi tiết cho sản phẩm số 683,230000,275000,ACTIVE,quan-nam,ao-nam
Đầm Dạo phố màu Xanh 684,SKU-0684,san-pham-mau-684,Mô tả chi tiết cho sản phẩm số 684,319000,337000,DRAFT,thoi-trang-nu,thoi-trang-nam
Quần Công sở màu Trắng 685,SKU-0685,san-pham-mau-685,Mô tả chi tiết cho sản phẩm số 685,248000,263000,DRAFT,quan-nam,thoi-trang-nam,thoi-trang-nu
Quần Dạo phố màu Xanh 686,SKU-0686,san-pham-mau-686,Mô tả chi tiết cho sản phẩm số 686,367000,393000,ACTIVE,ao-nam,thoi-trang-nam,quan-nam
Quần Dự tiệc màu Xanh 687,SKU-0687,san-pham-mau-687,Mô tả chi tiết cho sản phẩm số 687,454000,496000,ACTIVE,ao-nam,quan-nam
Túi Công sở màu Xanh 688,SKU-0688,san-pham-mau-688,Mô tả chi tiết cho sản phẩm số 688,931000,960000,DRAFT,thoi-trang-nam
Áo Dạo phố màu Trắng 689,SKU-0689,san-pham-mau-689,Mô tả chi tiết cho sản phẩm số 689,297000,324000,DRAFT,thoi-trang-nam,thoi-trang-nu
Đầm Dạo phố màu Vàng 690,SKU-0690,san-pham-mau-690,Mô tả chi tiết cho sản phẩm số 690,920000,939000,ACTIVE,thoi-trang-nu,thoi-trang-nam
Đầm Dự tiệc màu Xanh 691,SKU-0691,san-pham-mau-691,Mô tả chi tiết cho sản phẩm số 691,364000,389000,ACTIVE,thoi-trang-nu
Quần Dạo phố màu Xanh 692,SKU-0692,san-pham-mau-692,Mô tả chi tiết cho sản phẩm số 692,661000,695000,DRAFT,ao-nam,quan-nam,thoi-trang-nam
Váy Dự tiệc màu Hồng 693,SKU-0693,san-pham-mau-693,Mô tả chi tiết cho sản phẩm số 693,760000,785000,ACTIVE,thoi-trang-nu,ao-nam,thoi-trang-nam
Giày Dự tiệc màu Xanh 694,SKU-0694,san-pham-mau-694,Mô tả chi tiết cho sản phẩm số 694,577000,614000,DRAFT,quan-nam,ao-nam,thoi-trang-nam
Đầm Công sở màu Đỏ 695,SKU-0695,san-pham-mau-695,Mô tả chi tiết cho sản phẩm số 695,862000,894000,DRAFT,thoi-trang-nu
Quần Công sở màu Vàng 696,SKU-0696,san-pham-mau-696,Mô tả chi tiết cho sản phẩm số 696,205000,240000,ACTIVE,thoi-trang-nam,ao-nam,thoi-trang-nu
Giày Dạo phố màu Xanh 697,SKU-0697,san-pham-mau-697,Mô tả chi tiết cho sản phẩm số 697,482000,504000,ACTIVE,thoi-trang-nu,quan-nam
Giày Công sở màu Xanh 698,SKU-0698,san-pham-mau-698,Mô tả chi tiết cho sản phẩm số 698,550000,574000,ACTIVE,thoi-trang-nu
Túi Dự tiệc màu Đen 699,SKU-0699,san-pham-mau-699,Mô tả chi tiết cho sản phẩm số 699,185000,197000,INACTIVE,ao-nam,quan-nam,giay-dep-nam
Đầm Công sở màu Xanh 700,SKU-0700,san-pham-mau-700,Mô tả chi tiết cho sản phẩm số 700,484000,495000,DRAFT,thoi-trang-nu
Quần Dự tiệc màu Trắng 701,SKU-0701,san-pham-mau-701,Mô tả chi tiết cho sản phẩm số 701,693000,726000,ACTIVE,quan-nam,giay-dep-nam
Đầm Công sở màu Trắng 702,SKU-0702,san-pham-mau-702,Mô tả chi tiết cho sản phẩm số 702,524000,573000,INACTIVE,thoi-trang-nu,giay-dep-nam
Quần Dự tiệc màu Vàng 703,SKU-0703,san-pham-mau-703,Mô tả chi tiết cho sản phẩm số 703,470000,493000,DRAFT,thoi-trang-nam
Quần Công sở màu Xanh 704,SKU-0704,san-pham-mau-704,Mô tả chi tiết cho sản phẩm số 704,429000,445000,INACTIVE,thoi-trang-nam,quan-nam
Quần Công sở màu Vàng 705,SKU-0705,san-pham-mau-705,Mô tả chi tiết cho sản phẩm số 705,502000,532000,DRAFT,thoi-trang-nu
Đầm Thể thao màu Trắng 706,SKU-0706,san-pham-mau-706,Mô tả chi tiết cho sản phẩm số 706,707000,722000,ACTIVE,giay-dep-nam,thoi-trang-nu,ao-nam
Váy Dự tiệc màu Trắng 707,SKU-0707,san-pham-mau-707,Mô tả chi tiết cho sản phẩm số 707,978000,1022000,ACTIVE,giay-dep-nam,quan-nam,thoi-trang-nu
Đầm Thể thao màu Trắng 708,SKU-0708,san-pham-mau-708,Mô tả chi tiết cho sản phẩm số 708,263000,298000,ACTIVE,ao-nam,thoi-trang-nu
Đầm Dự tiệc màu Vàng 709,SKU-0709,san-pham-mau-709,Mô tả chi tiết cho sản phẩm số 709,684000,732000,INACTIVE,ao-nam
Áo Dự tiệc màu Xanh 710,SKU-0710,san-pham-mau-710,Mô tả chi tiết cho sản phẩm số 710,598000,611000,INACTIVE,thoi-trang-nu,thoi-trang-nam,giay-dep-nam
Quần Dự tiệc màu Trắng 711,SKU-0711,san-pham-mau-711,Mô tả chi tiết cho sản phẩm số 711,209000,232000,DRAFT,quan-nam,giay-dep-nam,thoi-trang-nu
Giày Dự tiệc màu Đen 712,SKU-0712,san-pham-mau-712,Mô tả chi tiết cho sản phẩm số 712,336000,373000,INACTIVE,thoi-trang-nam,giay-dep-nam
Giày Công sở màu Đỏ 713,SKU-0713,san-pham-mau-713,Mô tả chi tiết cho sản phẩm số 713,155000,174000,INACTIVE,giay-dep-nam,quan-nam
Váy Thể thao màu Trắng 714,SKU-0714,san-pham-mau-714,Mô tả chi tiết cho sản phẩm số 714,650000,684000,DRAFT,quan-nam
Đầm Thể thao màu Xanh 715,SKU-0715,san-pham-mau-715,Mô tả chi tiết cho sản phẩm số 715,137000,149000,DRAFT,quan-nam
Đầm Dạo phố màu Vàng 716,SKU-0716,san-pham-mau-716,Mô tả chi tiết cho sản phẩm số 716,150000,171000,ACTIVE,quan-nam,thoi-trang-nu,ao-nam
Váy Thể thao màu Vàng 717,SKU-0717,san-pham-mau-717,Mô tả chi tiết cho sản phẩm số 717,366000,413000,INACTIVE,quan-nam,giay-dep-nam
Giày Công sở màu Vàng 718,SKU-0718,san-pham-mau-718,Mô tả chi tiết cho sản phẩm số 718,559000,585000,ACTIVE,giay-dep-nam,quan-nam,ao-nam
Giày Dạo phố màu Trắng 719,SKU-0719,san-pham-mau-719,Mô tả chi tiết cho sản phẩm số 719,753000,797000,DRAFT,quan-nam,giay-dep-nam
Váy Thể thao màu Đen 720,SKU-0720,san-pham-mau-720,Mô tả chi tiết cho sản phẩm số 720,913000,939000,DRAFT,thoi-trang-nam
Túi Công sở màu Vàng 721,SKU-0721,san-pham-mau-721,Mô tả chi tiết cho sản phẩm số 721,538000,578000,INACTIVE,thoi-trang-nu,thoi-trang-nam,ao-nam
Áo Thể thao màu Đỏ 722,SKU-0722,san-pham-mau-722,Mô tả chi tiết cho sản phẩm số 722,110000,146000,INACTIVE,quan-nam
Đầm Thể thao màu Trắng 723,SKU-0723,san-pham-mau-723,Mô tả chi tiết cho sản phẩm số 723,907000,921000,ACTIVE,ao-nam,thoi-trang-nu
Áo Công sở màu Hồng 724,SKU-0724,san-pham-mau-724,Mô tả chi tiết cho sản phẩm số 724,174000,200000,ACTIVE,giay-dep-nam
Túi Công sở màu Đen 725,SKU-0725,san-pham-mau-725,Mô tả chi tiết cho sản phẩm số 725,864000,902000,ACTIVE,thoi-trang-nam,ao-nam
Quần Thể thao màu Đỏ 726,SKU-0726,san-pham-mau-726,Mô tả chi tiết cho sản phẩm số 726,603000,627000,INACTIVE,quan-nam
Váy Thể thao màu Đen 727,SKU-0727,san-pham-mau-727,Mô tả chi tiết cho sản phẩm số 727,598000,629000,ACTIVE,thoi-trang-nu
Váy Công sở màu Xanh 728,SKU-0728,san-pham-mau-728,Mô tả chi tiết cho sản phẩm số 728,187000,207000,DRAFT,thoi-trang-nam,ao-nam,quan-nam
Quần Dự tiệc màu Đỏ 729,SKU-0729,san-pham-mau-729,Mô tả chi tiết cho sản phẩm số 729,931000,969000,INACTIVE,ao-nam
Đầm Công sở màu Hồng 730,SKU-0730,san-pham-mau-730,Mô tả chi tiết cho sản phẩm số 730,804000,841000,INACTIVE,ao-nam,thoi-trang-nu
Váy Dự tiệc màu Hồng 731,SKU-0731,san-pham-mau-731,Mô tả chi tiết cho sản phẩm số 731,744000,785000,INACTIVE,giay-dep-nam
Túi Công sở màu Vàng 732,SKU-0732,san-pham-mau-732,Mô tả chi tiết cho sản phẩm số 732,156000,166000,DRAFT,quan-nam
Đầm Dự tiệc màu Xanh 733,SKU-0733,san-pham-mau-733,Mô tả chi tiết cho sản phẩm số 733,181000,221000,INACTIVE,thoi-trang-nu,ao-nam,quan-nam
Đầm Công sở màu Đen 734,SKU-0734,san-pham-mau-734,Mô tả chi tiết cho sản phẩm số 734,541000,580000,ACTIVE,quan-nam
Váy Thể thao màu Trắng 735,SKU-0735,san-pham-mau-735,Mô tả chi tiết cho sản phẩm số 735,967000,997000,INACTIVE,thoi-trang-nu
Giày Dạo phố màu Đen 736,SKU-0736,san-pham-mau-736,Mô tả chi tiết cho sản phẩm số 736,985000,1000000,ACTIVE,thoi-trang-nam,thoi-trang-nu
Quần Dự tiệc màu Vàng 737,SKU-0737,san-pham-mau-737,Mô tả chi tiết cho sản phẩm số 737,882000,892000,INACTIVE,giay-dep-nam
Quần Thể thao màu Đen 738,SKU-0738,san-pham-mau-738,Mô tả chi tiết cho sản phẩm số 738,560000,571000,DRAFT,quan-nam,ao-nam,thoi-trang-nu
Túi Công sở màu Vàng 739,SKU-0739,san-pham-mau-739,Mô tả chi tiết cho sản phẩm số 739,931000,956000,INACTIVE,quan-nam,giay-dep-nam,thoi-trang-nam
Giày Dự tiệc màu Xanh 740,SKU-0740,san-pham-mau-740,Mô tả chi tiết cho sản phẩm số 740,725000,760000,DRAFT,giay-dep-nam
Túi Công sở màu Vàng 741,SKU-0741,san-pham-mau-741,Mô tả chi tiết cho sản phẩm số 741,879000,927000,ACTIVE,ao-nam
Giày Công sở màu Vàng 742,SKU-0742,san-pham-mau-742,Mô tả chi tiết cho sản phẩm số 742,501000,540000,INACTIVE,thoi-trang-nu,giay-dep-nam,ao-nam
Quần Thể thao màu Hồng 743,SKU-0743,san-pham-mau-743,Mô tả chi tiết cho sản phẩm số 743,423000,457000,ACTIVE,giay-dep-nam,thoi-trang-nu
Váy Dự tiệc màu Đen 744,SKU-0744,san-pham-mau-744,Mô tả chi tiết cho sản phẩm số 744,823000,836000,DRAFT,ao-nam
Giày Dạo phố màu Vàng 745,SKU-0745,san-pham-mau-745,Mô tả chi tiết cho sản phẩm số 745,304000,350000,DRAFT,ao-nam
Đầm Dạo phố màu Đen 746,SKU-0746,san-pham-mau-746,Mô tả chi tiết cho sản phẩm số 746,282000,295000,INACTIVE,thoi-trang-nu
Giày Dự tiệc màu Vàng 747,SKU-0747,san-pham-mau-747,Mô tả chi tiết cho sản phẩm số 747,870000,904000,ACTIVE,ao-nam,thoi-trang-nam
Túi Công sở màu Hồng 748,SKU-0748,san-pham-mau-748,Mô tả chi tiết cho sản phẩm số 748,153000,182000,INACTIVE,giay-dep-nam,quan-nam,ao-nam
Áo Công sở màu Đen 749,SKU-0749,san-pham-mau-749,Mô tả chi tiết cho sản phẩm số 749,216000,262000,ACTIVE,thoi-trang-nu,ao-nam,quan-nam
Túi Thể thao màu Trắng 750,SKU-0750,san-pham-mau-750,Mô tả chi tiết cho sản phẩm số 750,566000,607000,ACTIVE,ao-nam,thoi-trang-nam
Giày Dự tiệc màu Vàng 751,SKU-0751,san-pham-mau-751,Mô tả chi tiết cho sản phẩm số 751,420000,439000,INACTIVE,thoi-trang-nu
Giày Công sở màu Đen 752,SKU-0752,san-pham-mau-752,Mô tả chi tiết cho sản phẩm số 752,237000,255000,INACTIVE,giay-dep-nam
Áo Công sở màu Vàng 753,SKU-0753,san-pham-mau-753,Mô tả chi tiết cho sản phẩm số 753,168000,200000,INACTIVE,giay-dep-nam,quan-nam,ao-nam
Váy Dự tiệc màu Đen 754,SKU-0754,san-pham-mau-754,Mô tả chi tiết cho sản phẩm số 754,135000,151000,ACTIVE,quan-nam
Váy Dự tiệc màu Đen 755,SKU-0755,san-pham-mau-755,Mô tả chi tiết cho sản phẩm số 755,287000,328000,INACTIVE,thoi-trang-nu,giay-dep-nam,thoi-trang-nam
Giày Dạo phố màu Đen 756,SKU-0756,san-pham-mau-756,Mô tả chi tiết cho sản phẩm số 756,878000,927000,DRAFT,thoi-trang-nam,quan-nam,thoi-trang-nu
Giày Dạo phố màu Hồng 757,SKU-0757,san-pham-mau-757,Mô tả chi tiết cho sản phẩm số 757,425000,472000,DRAFT,quan-nam,giay-dep-nam,ao-nam
Đầm Công sở màu Đen 758,SKU-0758,san-pham-mau-758,Mô tả chi tiết cho sản phẩm số 758,391000,437000,ACTIVE,thoi-trang-nam,giay-dep-nam,quan-nam
Giày Dự tiệc màu Hồng 759,SKU-0759,san-pham-mau-759,Mô tả chi tiết cho sản phẩm số 759,363000,396000,DRAFT,quan-nam,giay-dep-nam
Quần Thể thao màu Xanh 760,SKU-0760,san-pham-mau-760,Mô tả chi tiết cho sản phẩm số 760,286000,302000,DRAFT,giay-dep-nam,quan-nam
Túi Dạo phố màu Đen 761,SKU-0761,san-pham-mau-761,Mô tả chi tiết cho sản phẩm số 761,120000,142000,INACTIVE,giay-dep-nam,thoi-trang-nam
Quần Dạo phố màu Đỏ 762,SKU-0762,san-pham-mau-762,Mô tả chi tiết cho sản phẩm số 762,893000,927000,ACTIVE,thoi-trang-nam
Áo Công sở màu Đỏ 763,SKU-0763,san-pham-mau-763,Mô tả chi tiết cho sản phẩm số 763,106000,126000,ACTIVE,thoi-trang-nam,ao-nam,giay-dep-nam
Áo Thể thao màu Vàng 764,SKU-0764,san-pham-mau-764,Mô tả chi tiết cho sản phẩm số 764,846000,866000,INACTIVE,thoi-trang-nu,quan-nam,giay-dep-nam
Túi Thể thao màu Xanh 765,SKU-0765,san-pham-mau-765,Mô tả chi tiết cho sản phẩm số 765,983000,1031000,ACTIVE,ao-nam,giay-dep-nam,thoi-trang-nam
Váy Công sở màu Hồng 766,SKU-0766,san-pham-mau-766,Mô tả chi tiết cho sản phẩm số 766,965000,1004000,INACTIVE,thoi-trang-nam,ao-nam,thoi-trang-nu
Quần Dạo phố màu Hồng 767,SKU-0767,san-pham-mau-767,Mô tả chi tiết cho sản phẩm số 767,550000,574000,DRAFT,thoi-trang-nu,ao-nam
Túi Dạo phố màu Đen 768,SKU-0768,san-pham-mau-768,Mô tả chi tiết cho sản phẩm số 768,918000,930000,INACTIVE,ao-nam,thoi-trang-nam
Quần Dạo phố màu Hồng 769,SKU-0769,san-pham-mau-769,Mô tả chi tiết cho sản phẩm số 769,475000,490000,INACTIVE,ao-nam,quan-nam
Quần Dạo phố màu Vàng 770,SKU-0770,san-pham-mau-770,Mô tả chi tiết cho sản phẩm số 770,589000,607000,INACTIVE,thoi-trang-nu,thoi-trang-nam
Áo Dạo phố màu Đỏ 771,SKU-0771,san-pham-mau-771,Mô tả chi tiết cho sản phẩm số 771,282000,318000,ACTIVE,quan-nam
Đầm Dạo phố màu Xanh 772,SKU-0772,san-pham-mau-772,Mô tả chi tiết cho sản phẩm số 772,568000,609000,ACTIVE,quan-nam
Áo Công sở màu Vàng 773,SKU-0773,san-pham-mau-773,Mô tả chi tiết cho sản phẩm số 773,202000,240000,INACTIVE,thoi-trang-nu,giay-dep-nam,thoi-trang-nam
Váy Thể thao màu Vàng 774,SKU-0774,san-pham-mau-774,Mô tả chi tiết cho sản phẩm số 774,273000,288000,INACTIVE,thoi-trang-nu,thoi-trang-nam
Giày Công sở màu Xanh 775,SKU-0775,san-pham-mau-775,Mô tả chi tiết cho sản phẩm số 775,898000,923000,ACTIVE,giay-dep-nam,thoi-trang-nu,thoi-trang-nam
Váy Thể thao màu Xanh 776,SKU-0776,san-pham-mau-776,Mô tả chi tiết cho sản phẩm số 776,903000,929000,DRAFT,ao-nam
Quần Dự tiệc màu Trắng 777,SKU-0777,san-pham-mau-777,Mô tả chi tiết cho sản phẩm số 777,214000,258000,DRAFT,quan-nam,thoi-trang-nu,giay-dep-nam
Đầm Dự tiệc màu Vàng 778,SKU-0778,san-pham-mau-778,Mô tả chi tiết cho sản phẩm số 778,393000,442000,DRAFT,thoi-trang-nu,giay-dep-nam
Đầm Công sở màu Vàng 779,SKU-0779,san-pham-mau-779,Mô tả chi tiết cho sản phẩm số 779,585000,616000,DRAFT,thoi-trang-nam,thoi-trang-nu
Quần Dự tiệc màu Vàng 780,SKU-0780,san-pham-mau-780,Mô tả chi tiết cho sản phẩm số 780,386000,430000,DRAFT,thoi-trang-nu,quan-nam,thoi-trang-nam
Giày Thể thao màu Vàng 781,SKU-0781,san-pham-mau-781,Mô tả chi tiết cho sản phẩm số 781,579000,590000,ACTIVE,thoi-trang-nu
Đầm Dự tiệc màu Xanh 782,SKU-0782,san-pham-mau-782,Mô tả chi tiết cho sản phẩm số 782,734000,768000,DRAFT,thoi-trang-nu,giay-dep-nam
Giày Dạo phố màu Đen 783,SKU-0783,san-pham-mau-783,Mô tả chi tiết cho sản phẩm số 783,659000,687000,DRAFT,quan-nam,thoi-trang-nam,giay-dep-nam
Quần Thể thao màu Trắng 784,SKU-0784,san-pham-mau-784,Mô tả chi tiết cho sản phẩm số 784,243000,277000,INACTIVE,ao-nam,giay-dep-nam,quan-nam
Đầm Công sở màu Xanh 785,SKU-0785,san-pham-mau-785,Mô tả chi tiết cho sản phẩm số 785,597000,631000,INACTIVE,thoi-trang-nam,thoi-trang-nu
Đầm Thể thao màu Đỏ 786,SKU-0786,san-pham-mau-786,Mô tả chi tiết cho sản phẩm số 786,422000,454000,DRAFT,ao-nam,quan-nam
Đầm Dạo phố màu Trắng 787,SKU-0787,san-pham-mau-787,Mô tả chi tiết cho sản phẩm số 787,994000,1022000,DRAFT,thoi-trang-nu
Váy Dạo phố màu Xanh 788,SKU-0788,san-pham-mau-788,Mô tả chi tiết cho sản phẩm số 788,323000,370000,INACTIVE,giay-dep-nam,thoi-trang-nam,ao-nam
Áo Công sở màu Đỏ 789,SKU-0789,san-pham-mau-789,Mô tả chi tiết cho sản phẩm số 789,821000,865000,DRAFT,quan-nam,thoi-trang-nam,ao-nam
Quần Thể thao màu Vàng 790,SKU-0790,san-pham-mau-790,Mô tả chi tiết cho sản phẩm số 790,492000,502000,DRAFT,thoi-trang-nu
Quần Dự tiệc màu Đen 791,SKU-0791,san-pham-mau-791,Mô tả chi tiết cho sản phẩm số 791,980000,1002000,INACTIVE,quan-nam,ao-nam
Túi Dạo phố màu Xanh 792,SKU-0792,san-pham-mau-792,Mô tả chi tiết cho sản phẩm số 792,974000,1015000,ACTIVE,thoi-trang-nu,giay-dep-nam,ao-nam
Váy Dự tiệc màu Đỏ 793,SKU-0793,san-pham-mau-793,Mô tả chi tiết cho sản phẩm số 793,464000,513000,ACTIVE,quan-nam,ao-nam,thoi-trang-nam
Giày Thể thao màu Xanh 794,SKU-0794,san-pham-mau-794,Mô tả chi tiết cho sản phẩm số 794,839000,852000,DRAFT,ao-nam
Túi Dạo phố màu Trắng 795,SKU-0795,san-pham-mau-795,Mô tả chi tiết cho sản phẩm số 795,564000,576000,DRAFT,quan-nam,thoi-trang-nu
Váy Dự tiệc màu Đỏ 796,SKU-0796,san-pham-mau-796,Mô tả chi tiết cho sản phẩm số 796,667000,693000,DRAFT,ao-nam
Quần Thể thao màu Trắng 797,SKU-0797,san-pham-mau-797,Mô tả chi tiết cho sản phẩm số 797,701000,718000,INACTIVE,giay-dep-nam,thoi-trang-nam,thoi-trang-nu
Váy Dạo phố màu Hồng 798,SKU-0798,san-pham-mau-798,Mô tả chi tiết cho sản phẩm số 798,177000,217000,ACTIVE,thoi-trang-nam,ao-nam,giay-dep-nam
Giày Thể thao màu Trắng 799,SKU-0799,san-pham-mau-799,Mô tả chi tiết cho sản phẩm số 799,509000,524000,ACTIVE,thoi-trang-nam
Túi Dự tiệc màu Trắng 800,SKU-0800,san-pham-mau-800,Mô tả chi tiết cho sản phẩm số 800,141000,175000,INACTIVE,thoi-trang-nam,thoi-trang-nu,quan-nam
Túi Thể thao màu Vàng 801,SKU-0801,san-pham-mau-801,Mô tả chi tiết cho sản phẩm số 801,225000,244000,ACTIVE,quan-nam,thoi-trang-nam
Quần Dạo phố màu Trắng 802,SKU-0802,san-pham-mau-802,Mô tả chi tiết cho sản phẩm số 802,518000,567000,INACTIVE,thoi-trang-nam,thoi-trang-nu
Váy Dạo phố màu Hồng 803,SKU-0803,san-pham-mau-803,Mô tả chi tiết cho sản phẩm số 803,192000,229000,INACTIVE,thoi-trang-nu,quan-nam,thoi-trang-nam
Túi Dự tiệc màu Vàng 804,SKU-0804,san-pham-mau-804,Mô tả chi tiết cho sản phẩm số 804,579000,616000,ACTIVE,quan-nam,thoi-trang-nam
Túi Dự tiệc màu Xanh 805,SKU-0805,san-pham-mau-805,Mô tả chi tiết cho sản phẩm số 805,232000,258000,DRAFT,ao-nam,giay-dep-nam
Quần Thể thao màu Đen 806,SKU-0806,san-pham-mau-806,Mô tả chi tiết cho sản phẩm số 806,880000,926000,ACTIVE,thoi-trang-nu,thoi-trang-nam
Váy Dạo phố màu Hồng 807,SKU-0807,san-pham-mau-807,Mô tả chi tiết cho sản phẩm số 807,491000,507000,ACTIVE,ao-nam
Quần Dạo phố màu Đỏ 808,SKU-0808,san-pham-mau-808,Mô tả chi tiết cho sản phẩm số 808,112000,161000,INACTIVE,ao-nam
Giày Thể thao màu Vàng 809,SKU-0809,san-pham-mau-809,Mô tả chi tiết cho sản phẩm số 809,369000,407000,DRAFT,quan-nam
Giày Thể thao màu Hồng 810,SKU-0810,san-pham-mau-810,Mô tả chi tiết cho sản phẩm số 810,142000,180000,INACTIVE,quan-nam
Váy Dạo phố màu Xanh 811,SKU-0811,san-pham-mau-811,Mô tả chi tiết cho sản phẩm số 811,549000,568000,DRAFT,thoi-trang-nu
Áo Dạo phố màu Xanh 812,SKU-0812,san-pham-mau-812,Mô tả chi tiết cho sản phẩm số 812,455000,485000,INACTIVE,quan-nam,giay-dep-nam,thoi-trang-nam
Túi Thể thao màu Trắng 813,SKU-0813,san-pham-mau-813,Mô tả chi tiết cho sản phẩm số 813,213000,261000,DRAFT,ao-nam
Túi Thể thao màu Đỏ 814,SKU-0814,san-pham-mau-814,Mô tả chi tiết cho sản phẩm số 814,100000,113000,INACTIVE,giay-dep-nam,quan-nam,ao-nam
Đầm Công sở màu Trắng 815,SKU-0815,san-pham-mau-815,Mô tả chi tiết cho sản phẩm số 815,189000,233000,DRAFT,thoi-trang-nu
Áo Thể thao màu Trắng 816,SKU-0816,san-pham-mau-816,Mô tả chi tiết cho sản phẩm số 816,819000,862000,DRAFT,giay-dep-nam
Váy Dạo phố màu Hồng 817,SKU-0817,san-pham-mau-817,Mô tả chi tiết cho sản phẩm số 817,274000,317000,DRAFT,ao-nam,thoi-trang-nu
Quần Thể thao màu Xanh 818,SKU-0818,san-pham-mau-818,Mô tả chi tiết cho sản phẩm số 818,230000,248000,INACTIVE,thoi-trang-nam,giay-dep-nam,ao-nam
Quần Thể thao màu Vàng 819,SKU-0819,san-pham-mau-819,Mô tả chi tiết cho sản phẩm số 819,538000,558000,DRAFT,thoi-trang-nu,thoi-trang-nam,giay-dep-nam
Quần Dự tiệc màu Vàng 820,SKU-0820,san-pham-mau-820,Mô tả chi tiết cho sản phẩm số 820,210000,234000,ACTIVE,thoi-trang-nu
Áo Công sở màu Đen 821,SKU-0821,san-pham-mau-821,Mô tả chi tiết cho sản phẩm số 821,600000,631000,DRAFT,quan-nam
Túi Công sở màu Đỏ 822,SKU-0822,san-pham-mau-822,Mô tả chi tiết cho sản phẩm số 822,662000,683000,ACTIVE,quan-nam
Váy Dự tiệc màu Trắng 823,SKU-0823,san-pham-mau-823,Mô tả chi tiết cho sản phẩm số 823,646000,667000,ACTIVE,giay-dep-nam,thoi-trang-nam
Váy Thể thao màu Hồng 824,SKU-0824,san-pham-mau-824,Mô tả chi tiết cho sản phẩm số 824,402000,431000,ACTIVE,quan-nam
Giày Dự tiệc màu Vàng 825,SKU-0825,san-pham-mau-825,Mô tả chi tiết cho sản phẩm số 825,304000,335000,ACTIVE,ao-nam,thoi-trang-nam
Giày Dự tiệc màu Đỏ 826,SKU-0826,san-pham-mau-826,Mô tả chi tiết cho sản phẩm số 826,347000,386000,DRAFT,quan-nam,thoi-trang-nu
Áo Công sở màu Đỏ 827,SKU-0827,san-pham-mau-827,Mô tả chi tiết cho sản phẩm số 827,809000,826000,INACTIVE,giay-dep-nam,quan-nam
Túi Dạo phố màu Vàng 828,SKU-0828,san-pham-mau-828,Mô tả chi tiết cho sản phẩm số 828,560000,584000,ACTIVE,thoi-trang-nam,ao-nam
Giày Dự tiệc màu Hồng 829,SKU-0829,san-pham-mau-829,Mô tả chi tiết cho sản phẩm số 829,450000,495000,DRAFT,thoi-trang-nam
Quần Dự tiệc màu Vàng 830,SKU-0830,san-pham-mau-830,Mô tả chi tiết cho sản phẩm số 830,272000,289000,INACTIVE,thoi-trang-nam,quan-nam
Áo Thể thao màu Xanh 831,SKU-0831,san-pham-mau-831,Mô tả chi tiết cho sản phẩm số 831,315000,336000,ACTIVE,giay-dep-nam,thoi-trang-nam
Đầm Dạo phố màu Đen 832,SKU-0832,san-pham-mau-832,Mô tả chi tiết cho sản phẩm số 832,571000,604000,DRAFT,giay-dep-nam
Đầm Dự tiệc màu Trắng 833,SKU-0833,san-pham-mau-833,Mô tả chi tiết cho sản phẩm số 833,743000,771000,INACTIVE,quan-nam
Túi Công sở màu Trắng 834,SKU-0834,san-pham-mau-834,Mô tả chi tiết cho sản phẩm số 834,210000,252000,ACTIVE,thoi-trang-nam,quan-nam,thoi-trang-nu
Quần Công sở màu Xanh 835,SKU-0835,san-pham-mau-835,Mô tả chi tiết cho sản phẩm số 835,429000,476000,ACTIVE,giay-dep-nam
Váy Dạo phố màu Xanh 836,SKU-0836,san-pham-mau-836,Mô tả chi tiết cho sản phẩm số 836,576000,606000,INACTIVE,thoi-trang-nam
Đầm Dạo phố màu Hồng 837,SKU-0837,san-pham-mau-837,Mô tả chi tiết cho sản phẩm số 837,529000,568000,INACTIVE,thoi-trang-nam
Đầm Công sở màu Hồng 838,SKU-0838,san-pham-mau-838,Mô tả chi tiết cho sản phẩm số 838,899000,936000,ACTIVE,ao-nam,thoi-trang-nam
Váy Công sở màu Xanh 839,SKU-0839,san-pham-mau-839,Mô tả chi tiết cho sản phẩm số 839,290000,332000,ACTIVE,giay-dep-nam
Đầm Thể thao màu Đen 840,SKU-0840,san-pham-mau-840,Mô tả chi tiết cho sản phẩm số 840,545000,586000,ACTIVE,quan-nam
Áo Dạo phố màu Đỏ 841,SKU-0841,san-pham-mau-841,Mô tả chi tiết cho sản phẩm số 841,359000,389000,ACTIVE,thoi-trang-nam,thoi-trang-nu,quan-nam
Đầm Dự tiệc màu Trắng 842,SKU-0842,san-pham-mau-842,Mô tả chi tiết cho sản phẩm số 842,419000,459000,DRAFT,thoi-trang-nam,ao-nam,thoi-trang-nu
Giày Thể thao màu Đen 843,SKU-0843,san-pham-mau-843,Mô tả chi tiết cho sản phẩm số 843,610000,625000,DRAFT,giay-dep-nam,thoi-trang-nam
Quần Công sở màu Vàng 844,SKU-0844,san-pham-mau-844,Mô tả chi tiết cho sản phẩm số 844,557000,582000,ACTIVE,quan-nam
Áo Dự tiệc màu Hồng 845,SKU-0845,san-pham-mau-845,Mô tả chi tiết cho sản phẩm số 845,605000,616000,INACTIVE,thoi-trang-nam,ao-nam
Đầm Công sở màu Trắng 846,SKU-0846,san-pham-mau-846,Mô tả chi tiết cho sản phẩm số 846,856000,878000,INACTIVE,giay-dep-nam,thoi-trang-nam
Váy Dự tiệc màu Hồng 847,SKU-0847,san-pham-mau-847,Mô tả chi tiết cho sản phẩm số 847,765000,810000,DRAFT,ao-nam,thoi-trang-nam
Áo Thể thao màu Đen 848,SKU-0848,san-pham-mau-848,Mô tả chi tiết cho sản phẩm số 848,347000,384000,ACTIVE,quan-nam
Túi Dự tiệc màu Đen 849,SKU-0849,san-pham-mau-849,Mô tả chi tiết cho sản phẩm số 849,432000,464000,ACTIVE,giay-dep-nam,quan-nam,ao-nam
Giày Dự tiệc màu Đỏ 850,SKU-0850,san-pham-mau-850,Mô tả chi tiết cho sản phẩm số 850,686000,735000,ACTIVE,giay-dep-nam,quan-nam,ao-nam
Giày Thể thao màu Xanh 851,SKU-0851,san-pham-mau-851,Mô tả chi tiết cho sản phẩm số 851,249000,261000,DRAFT,thoi-trang-nam,quan-nam,giay-dep-nam
Quần Dạo phố màu Trắng 852,SKU-0852,san-pham-mau-852,Mô tả chi tiết cho sản phẩm số 852,227000,257000,ACTIVE,quan-nam,thoi-trang-nu,thoi-trang-nam
Váy Công sở màu Xanh 853,SKU-0853,san-pham-mau-853,Mô tả chi tiết cho sản phẩm số 853,227000,257000,ACTIVE,giay-dep-nam,thoi-trang-nam
Váy Dự tiệc màu Vàng 854,SKU-0854,san-pham-mau-854,Mô tả chi tiết cho sản phẩm số 854,846000,880000,ACTIVE,thoi-trang-nam,quan-nam
Túi Dạo phố màu Đen 855,SKU-0855,san-pham-mau-855,Mô tả chi tiết cho sản phẩm số 855,659000,697000,DRAFT,thoi-trang-nu,thoi-trang-nam,giay-dep-nam
Quần Dạo phố màu Đen 856,SKU-0856,san-pham-mau-856,Mô tả chi tiết cho sản phẩm số 856,890000,915000,ACTIVE,quan-nam,thoi-trang-nam,ao-nam
Áo Công sở màu Xanh 857,SKU-0857,san-pham-mau-857,Mô tả chi tiết cho sản phẩm số 857,337000,357000,INACTIVE,thoi-trang-nam,thoi-trang-nu
Giày Công sở màu Trắng 858,SKU-0858,san-pham-mau-858,Mô tả chi tiết cho sản phẩm số 858,630000,641000,INACTIVE,thoi-trang-nam,quan-nam,thoi-trang-nu
Áo Công sở màu Đỏ 859,SKU-0859,san-pham-mau-859,Mô tả chi tiết cho sản phẩm số 859,628000,656000,DRAFT,ao-nam
Váy Dạo phố màu Đỏ 860,SKU-0860,san-pham-mau-860,Mô tả chi tiết cho sản phẩm số 860,774000,790000,ACTIVE,thoi-trang-nam
Đầm Thể thao màu Đỏ 861,SKU-0861,san-pham-mau-861,Mô tả chi tiết cho sản phẩm số 861,854000,871000,DRAFT,giay-dep-nam,thoi-trang-nam
Túi Thể thao màu Vàng 862,SKU-0862,san-pham-mau-862,Mô tả chi tiết cho sản phẩm số 862,540000,573000,INACTIVE,quan-nam
Giày Dạo phố màu Đen 863,SKU-0863,san-pham-mau-863,Mô tả chi tiết cho sản phẩm số 863,381000,418000,INACTIVE,quan-nam
Áo Dự tiệc màu Hồng 864,SKU-0864,san-pham-mau-864,Mô tả chi tiết cho sản phẩm số 864,937000,947000,DRAFT,quan-nam,ao-nam,giay-dep-nam
Giày Công sở màu Xanh 865,SKU-0865,san-pham-mau-865,Mô tả chi tiết cho sản phẩm số 865,924000,958000,ACTIVE,giay-dep-nam,ao-nam,thoi-trang-nu
Giày Công sở màu Xanh 866,SKU-0866,san-pham-mau-866,Mô tả chi tiết cho sản phẩm số 866,374000,389000,DRAFT,ao-nam,thoi-trang-nu
Túi Công sở màu Đỏ 867,SKU-0867,san-pham-mau-867,Mô tả chi tiết cho sản phẩm số 867,450000,472000,ACTIVE,quan-nam
Váy Thể thao màu Trắng 868,SKU-0868,san-pham-mau-868,Mô tả chi tiết cho sản phẩm số 868,926000,942000,INACTIVE,thoi-trang-nam,giay-dep-nam,thoi-trang-nu
Áo Thể thao màu Đỏ 869,SKU-0869,san-pham-mau-869,Mô tả chi tiết cho sản phẩm số 869,220000,231000,DRAFT,thoi-trang-nu,quan-nam,thoi-trang-nam
Giày Thể thao màu Trắng 870,SKU-0870,san-pham-mau-870,Mô tả chi tiết cho sản phẩm số 870,725000,771000,DRAFT,giay-dep-nam
Đầm Dạo phố màu Xanh 871,SKU-0871,san-pham-mau-871,Mô tả chi tiết cho sản phẩm số 871,412000,429000,ACTIVE,ao-nam
Túi Công sở màu Hồng 872,SKU-0872,san-pham-mau-872,Mô tả chi tiết cho sản phẩm số 872,412000,444000,DRAFT,ao-nam,thoi-trang-nam,quan-nam
Giày Dự tiệc màu Trắng 873,SKU-0873,san-pham-mau-873,Mô tả chi tiết cho sản phẩm số 873,899000,911000,INACTIVE,giay-dep-nam,ao-nam
Váy Công sở màu Hồng 874,SKU-0874,san-pham-mau-874,Mô tả chi tiết cho sản phẩm số 874,675000,693000,INACTIVE,thoi-trang-nam,giay-dep-nam,thoi-trang-nu
Túi Dạo phố màu Trắng 875,SKU-0875,san-pham-mau-875,Mô tả chi tiết cho sản phẩm số 875,426000,460000,INACTIVE,ao-nam,thoi-trang-nu,quan-nam
Túi Công sở màu Trắng 876,SKU-0876,san-pham-mau-876,Mô tả chi tiết cho sản phẩm số 876,453000,496000,DRAFT,quan-nam,ao-nam,thoi-trang-nam
Quần Công sở màu Hồng 877,SKU-0877,san-pham-mau-877,Mô tả chi tiết cho sản phẩm số 877,523000,541000,ACTIVE,thoi-trang-nam,thoi-trang-nu,giay-dep-nam
Đầm Công sở màu Hồng 878,SKU-0878,san-pham-mau-878,Mô tả chi tiết cho sản phẩm số 878,199000,226000,INACTIVE,quan-nam,thoi-trang-nu,thoi-trang-nam
Giày Thể thao màu Trắng 879,SKU-0879,san-pham-mau-879,Mô tả chi tiết cho sản phẩm số 879,795000,812000,INACTIVE,thoi-trang-nu,ao-nam
Đầm Dự tiệc màu Hồng 880,SKU-0880,san-pham-mau-880,Mô tả chi tiết cho sản phẩm số 880,784000,816000,ACTIVE,giay-dep-nam,ao-nam,thoi-trang-nu
Áo Thể thao màu Đỏ 881,SKU-0881,san-pham-mau-881,Mô tả chi tiết cho sản phẩm số 881,390000,405000,ACTIVE,quan-nam,thoi-trang-nu,ao-nam
Túi Dự tiệc màu Đen 882,SKU-0882,san-pham-mau-882,Mô tả chi tiết cho sản phẩm số 882,219000,250000,INACTIVE,ao-nam,thoi-trang-nam
Túi Dạo phố màu Đỏ 883,SKU-0883,san-pham-mau-883,Mô tả chi tiết cho sản phẩm số 883,605000,634000,DRAFT,thoi-trang-nu,thoi-trang-nam,ao-nam
Áo Dạo phố màu Vàng 884,SKU-0884,san-pham-mau-884,Mô tả chi tiết cho sản phẩm số 884,700000,735000,ACTIVE,giay-dep-nam
Đầm Dự tiệc màu Hồng 885,SKU-0885,san-pham-mau-885,Mô tả chi tiết cho sản phẩm số 885,954000,977000,INACTIVE,thoi-trang-nu,quan-nam,ao-nam
Đầm Thể thao màu Xanh 886,SKU-0886,san-pham-mau-886,Mô tả chi tiết cho sản phẩm số 886,498000,531000,INACTIVE,thoi-trang-nu,thoi-trang-nam,ao-nam
Đầm Dự tiệc màu Trắng 887,SKU-0887,san-pham-mau-887,Mô tả chi tiết cho sản phẩm số 887,574000,592000,ACTIVE,giay-dep-nam,thoi-trang-nu
Túi Công sở màu Xanh 888,SKU-0888,san-pham-mau-888,Mô tả chi tiết cho sản phẩm số 888,984000,1020000,ACTIVE,giay-dep-nam
Giày Thể thao màu Xanh 889,SKU-0889,san-pham-mau-889,Mô tả chi tiết cho sản phẩm số 889,326000,356000,INACTIVE,quan-nam,thoi-trang-nu
Váy Công sở màu Đỏ 890,SKU-0890,san-pham-mau-890,Mô tả chi tiết cho sản phẩm số 890,551000,562000,DRAFT,thoi-trang-nu,ao-nam
Đầm Thể thao màu Vàng 891,SKU-0891,san-pham-mau-891,Mô tả chi tiết cho sản phẩm số 891,446000,481000,INACTIVE,giay-dep-nam,thoi-trang-nu,quan-nam
Giày Công sở màu Xanh 892,SKU-0892,san-pham-mau-892,Mô tả chi tiết cho sản phẩm số 892,499000,520000,ACTIVE,giay-dep-nam,ao-nam
Váy Thể thao màu Trắng 893,SKU-0893,san-pham-mau-893,Mô tả chi tiết cho sản phẩm số 893,476000,501000,ACTIVE,quan-nam,thoi-trang-nu
Áo Dạo phố màu Đỏ 894,SKU-0894,san-pham-mau-894,Mô tả chi tiết cho sản phẩm số 894,116000,159000,INACTIVE,thoi-trang-nu,ao-nam
Giày Thể thao màu Trắng 895,SKU-0895,san-pham-mau-895,Mô tả chi tiết cho sản phẩm số 895,180000,227000,ACTIVE,thoi-trang-nam,quan-nam
Giày Thể thao màu Đỏ 896,SKU-0896,san-pham-mau-896,Mô tả chi tiết cho sản phẩm số 896,102000,144000,DRAFT,thoi-trang-nam,quan-nam
Váy Dự tiệc màu Hồng 897,SKU-0897,san-pham-mau-897,Mô tả chi tiết cho sản phẩm số 897,585000,632000,ACTIVE,thoi-trang-nu,thoi-trang-nam,quan-nam
Đầm Công sở màu Trắng 898,SKU-0898,san-pham-mau-898,Mô tả chi tiết cho sản phẩm số 898,496000,535000,ACTIVE,ao-nam,quan-nam,giay-dep-nam
Váy Thể thao màu Trắng 899,SKU-0899,san-pham-mau-899,Mô tả chi tiết cho sản phẩm số 899,128000,142000,DRAFT,giay-dep-nam,quan-nam,thoi-trang-nam
Giày Thể thao màu Đỏ 900,SKU-0900,san-pham-mau-900,Mô tả chi tiết cho sản phẩm số 900,244000,268000,DRAFT,thoi-trang-nu,thoi-trang-nam
Áo Công sở màu Hồng 901,SKU-0901,san-pham-mau-901,Mô tả chi tiết cho sản phẩm số 901,153000,193000,INACTIVE,ao-nam,thoi-trang-nu,thoi-trang-nam
Váy Công sở màu Xanh 902,SKU-0902,san-pham-mau-902,Mô tả chi tiết cho sản phẩm số 902,509000,522000,DRAFT,thoi-trang-nam
Giày Dạo phố màu Trắng 903,SKU-0903,san-pham-mau-903,Mô tả chi tiết cho sản phẩm số 903,945000,978000,INACTIVE,giay-dep-nam,thoi-trang-nam
Quần Dạo phố màu Trắng 904,SKU-0904,san-pham-mau-904,Mô tả chi tiết cho sản phẩm số 904,472000,486000,ACTIVE,quan-nam
Túi Thể thao màu Đỏ 905,SKU-0905,san-pham-mau-905,Mô tả chi tiết cho sản phẩm số 905,545000,567000,ACTIVE,quan-nam,thoi-trang-nu
Giày Thể thao màu Vàng 906,SKU-0906,san-pham-mau-906,Mô tả chi tiết cho sản phẩm số 906,563000,600000,DRAFT,ao-nam
Váy Dự tiệc màu Hồng 907,SKU-0907,san-pham-mau-907,Mô tả chi tiết cho sản phẩm số 907,687000,729000,DRAFT,thoi-trang-nu,quan-nam,giay-dep-nam
Đầm Dự tiệc màu Vàng 908,SKU-0908,san-pham-mau-908,Mô tả chi tiết cho sản phẩm số 908,229000,264000,DRAFT,thoi-trang-nam,quan-nam
Áo Dự tiệc màu Hồng 909,SKU-0909,san-pham-mau-909,Mô tả chi tiết cho sản phẩm số 909,839000,864000,ACTIVE,giay-dep-nam,thoi-trang-nam
Áo Thể thao màu Hồng 910,SKU-0910,san-pham-mau-910,Mô tả chi tiết cho sản phẩm số 910,702000,728000,DRAFT,thoi-trang-nam,giay-dep-nam,quan-nam
Quần Công sở màu Đỏ 911,SKU-0911,san-pham-mau-911,Mô tả chi tiết cho sản phẩm số 911,592000,622000,ACTIVE,giay-dep-nam
Váy Dạo phố màu Hồng 912,SKU-0912,san-pham-mau-912,Mô tả chi tiết cho sản phẩm số 912,742000,761000,INACTIVE,quan-nam,thoi-trang-nam
Quần Dự tiệc màu Trắng 913,SKU-0913,san-pham-mau-913,Mô tả chi tiết cho sản phẩm số 913,645000,657000,ACTIVE,thoi-trang-nam
Đầm Dự tiệc màu Trắng 914,SKU-0914,san-pham-mau-914,Mô tả chi tiết cho sản phẩm số 914,172000,207000,DRAFT,thoi-trang-nam
Giày Dạo phố màu Xanh 915,SKU-0915,san-pham-mau-915,Mô tả chi tiết cho sản phẩm số 915,627000,649000,DRAFT,quan-nam,thoi-trang-nam,ao-nam
Quần Công sở màu Đen 916,SKU-0916,san-pham-mau-916,Mô tả chi tiết cho sản phẩm số 916,951000,967000,DRAFT,quan-nam,thoi-trang-nam
Váy Dạo phố màu Vàng 917,SKU-0917,san-pham-mau-917,Mô tả chi tiết cho sản phẩm số 917,749000,773000,INACTIVE,ao-nam,quan-nam,giay-dep-nam
Quần Thể thao màu Vàng 918,SKU-0918,san-pham-mau-918,Mô tả chi tiết cho sản phẩm số 918,622000,647000,DRAFT,quan-nam,thoi-trang-nam,ao-nam
Túi Dự tiệc màu Hồng 919,SKU-0919,san-pham-mau-919,Mô tả chi tiết cho sản phẩm số 919,719000,745000,INACTIVE,thoi-trang-nam,giay-dep-nam,thoi-trang-nu
Váy Công sở màu Đen 920,SKU-0920,san-pham-mau-920,Mô tả chi tiết cho sản phẩm số 920,358000,407000,INACTIVE,ao-nam,quan-nam,thoi-trang-nu
Giày Dự tiệc màu Đen 921,SKU-0921,san-pham-mau-921,Mô tả chi tiết cho sản phẩm số 921,929000,953000,ACTIVE,quan-nam
Đầm Thể thao màu Đen 922,SKU-0922,san-pham-mau-922,Mô tả chi tiết cho sản phẩm số 922,799000,843000,INACTIVE,ao-nam,thoi-trang-nam,giay-dep-nam
Đầm Dự tiệc màu Đen 923,SKU-0923,san-pham-mau-923,Mô tả chi tiết cho sản phẩm số 923,912000,929000,DRAFT,ao-nam,giay-dep-nam
Đầm Dự tiệc màu Trắng 924,SKU-0924,san-pham-mau-924,Mô tả chi tiết cho sản phẩm số 924,543000,564000,INACTIVE,giay-dep-nam
Váy Dự tiệc màu Trắng 925,SKU-0925,san-pham-mau-925,Mô tả chi tiết cho sản phẩm số 925,415000,445000,DRAFT,quan-nam,giay-dep-nam,thoi-trang-nu
Váy Dự tiệc màu Trắng 926,SKU-0926,san-pham-mau-926,Mô tả chi tiết cho sản phẩm số 926,992000,1019000,ACTIVE,thoi-trang-nam
Túi Thể thao màu Vàng 927,SKU-0927,san-pham-mau-927,Mô tả chi tiết cho sản phẩm số 927,439000,458000,INACTIVE,thoi-trang-nu,thoi-trang-nam,quan-nam
Quần Dạo phố màu Đỏ 928,SKU-0928,san-pham-mau-928,Mô tả chi tiết cho sản phẩm số 928,674000,704000,INACTIVE,thoi-trang-nam,thoi-trang-nu
Túi Thể thao màu Đen 929,SKU-0929,san-pham-mau-929,Mô tả chi tiết cho sản phẩm số 929,598000,616000,ACTIVE,giay-dep-nam,ao-nam,thoi-trang-nam
Quần Thể thao màu Xanh 930,SKU-0930,san-pham-mau-930,Mô tả chi tiết cho sản phẩm số 930,228000,260000,INACTIVE,thoi-trang-nam,giay-dep-nam
Quần Dự tiệc màu Đen 931,SKU-0931,san-pham-mau-931,Mô tả chi tiết cho sản phẩm số 931,868000,882000,DRAFT,thoi-trang-nu,ao-nam,giay-dep-nam
Giày Dự tiệc màu Hồng 932,SKU-0932,san-pham-mau-932,Mô tả chi tiết cho sản phẩm số 932,770000,789000,ACTIVE,thoi-trang-nu
Váy Công sở màu Đỏ 933,SKU-0933,san-pham-mau-933,Mô tả chi tiết cho sản phẩm số 933,156000,200000,INACTIVE,ao-nam,thoi-trang-nam,thoi-trang-nu
Váy Dự tiệc màu Đỏ 934,SKU-0934,san-pham-mau-934,Mô tả chi tiết cho sản phẩm số 934,859000,907000,DRAFT,giay-dep-nam,thoi-trang-nu,ao-nam
Quần Thể thao màu Đen 935,SKU-0935,san-pham-mau-935,Mô tả chi tiết cho sản phẩm số 935,193000,217000,ACTIVE,ao-nam,quan-nam,giay-dep-nam
Áo Thể thao màu Đen 936,SKU-0936,san-pham-mau-936,Mô tả chi tiết cho sản phẩm số 936,525000,568000,ACTIVE,thoi-trang-nam
Quần Công sở màu Hồng 937,SKU-0937,san-pham-mau-937,Mô tả chi tiết cho sản phẩm số 937,715000,727000,DRAFT,thoi-trang-nam,quan-nam,thoi-trang-nu
Váy Công sở màu Đỏ 938,SKU-0938,san-pham-mau-938,Mô tả chi tiết cho sản phẩm số 938,881000,904000,ACTIVE,quan-nam,thoi-trang-nu,thoi-trang-nam
Giày Dạo phố màu Trắng 939,SKU-0939,san-pham-mau-939,Mô tả chi tiết cho sản phẩm số 939,819000,835000,INACTIVE,thoi-trang-nu,thoi-trang-nam
Túi Thể thao màu Xanh 940,SKU-0940,san-pham-mau-940,Mô tả chi tiết cho sản phẩm số 940,795000,816000,INACTIVE,quan-nam
Giày Dự tiệc màu Trắng 941,SKU-0941,san-pham-mau-941,Mô tả chi tiết cho sản phẩm số 941,992000,1019000,INACTIVE,thoi-trang-nam,ao-nam,quan-nam
Giày Thể thao màu Hồng 942,SKU-0942,san-pham-mau-942,Mô tả chi tiết cho sản phẩm số 942,753000,764000,INACTIVE,ao-nam
Túi Thể thao màu Xanh 943,SKU-0943,san-pham-mau-943,Mô tả chi tiết cho sản phẩm số 943,408000,449000,ACTIVE,thoi-trang-nu
Váy Công sở màu Vàng 944,SKU-0944,san-pham-mau-944,Mô tả chi tiết cho sản phẩm số 944,321000,360000,INACTIVE,thoi-trang-nam
Áo Dạo phố màu Hồng 945,SKU-0945,san-pham-mau-945,Mô tả chi tiết cho sản phẩm số 945,743000,760000,DRAFT,giay-dep-nam,quan-nam
Quần Dự tiệc màu Vàng 946,SKU-0946,san-pham-mau-946,Mô tả chi tiết cho sản phẩm số 946,986000,1005000,INACTIVE,giay-dep-nam
Túi Thể thao màu Trắng 947,SKU-0947,san-pham-mau-947,Mô tả chi tiết cho sản phẩm số 947,470000,481000,DRAFT,giay-dep-nam
Áo Dự tiệc màu Trắng 948,SKU-0948,san-pham-mau-948,Mô tả chi tiết cho sản phẩm số 948,427000,448000,DRAFT,ao-nam,thoi-trang-nam,quan-nam
Quần Công sở màu Hồng 949,SKU-0949,san-pham-mau-949,Mô tả chi tiết cho sản phẩm số 949,927000,952000,DRAFT,thoi-trang-nu,giay-dep-nam,quan-nam
Quần Thể thao màu Đỏ 950,SKU-0950,san-pham-mau-950,Mô tả chi tiết cho sản phẩm số 950,959000,1008000,ACTIVE,thoi-trang-nu,quan-nam
Giày Dự tiệc màu Hồng 951,SKU-0951,san-pham-mau-951,Mô tả chi tiết cho sản phẩm số 951,804000,819000,INACTIVE,thoi-trang-nam,ao-nam,giay-dep-nam
Túi Thể thao màu Vàng 952,SKU-0952,san-pham-mau-952,Mô tả chi tiết cho sản phẩm số 952,125000,135000,INACTIVE,quan-nam
Đầm Thể thao màu Đỏ 953,SKU-0953,san-pham-mau-953,Mô tả chi tiết cho sản phẩm số 953,782000,809000,INACTIVE,thoi-trang-nam
Đầm Dạo phố màu Vàng 954,SKU-0954,san-pham-mau-954,Mô tả chi tiết cho sản phẩm số 954,872000,885000,INACTIVE,quan-nam,giay-dep-nam
Giày Công sở màu Xanh 955,SKU-0955,san-pham-mau-955,Mô tả chi tiết cho sản phẩm số 955,162000,201000,INACTIVE,thoi-trang-nam,ao-nam
Váy Dự tiệc màu Đen 956,SKU-0956,san-pham-mau-956,Mô tả chi tiết cho sản phẩm số 956,711000,737000,INACTIVE,ao-nam,giay-dep-nam
Quần Công sở màu Đỏ 957,SKU-0957,san-pham-mau-957,Mô tả chi tiết cho sản phẩm số 957,195000,223000,INACTIVE,thoi-trang-nu,giay-dep-nam,quan-nam
Đầm Dạo phố màu Trắng 958,SKU-0958,san-pham-mau-958,Mô tả chi tiết cho sản phẩm số 958,874000,895000,DRAFT,giay-dep-nam,ao-nam
Quần Thể thao màu Vàng 959,SKU-0959,san-pham-mau-959,Mô tả chi tiết cho sản phẩm số 959,373000,418000,ACTIVE,quan-nam,ao-nam
Túi Thể thao màu Đỏ 960,SKU-0960,san-pham-mau-960,Mô tả chi tiết cho sản phẩm số 960,524000,562000,DRAFT,thoi-trang-nu,thoi-trang-nam,quan-nam
Đầm Thể thao màu Xanh 961,SKU-0961,san-pham-mau-961,Mô tả chi tiết cho sản phẩm số 961,788000,820000,DRAFT,thoi-trang-nam,thoi-trang-nu
Áo Thể thao màu Đen 962,SKU-0962,san-pham-mau-962,Mô tả chi tiết cho sản phẩm số 962,812000,856000,INACTIVE,quan-nam,ao-nam
Quần Dự tiệc màu Đen 963,SKU-0963,san-pham-mau-963,Mô tả chi tiết cho sản phẩm số 963,796000,843000,DRAFT,thoi-trang-nu
Đầm Dạo phố màu Vàng 964,SKU-0964,san-pham-mau-964,Mô tả chi tiết cho sản phẩm số 964,653000,682000,INACTIVE,thoi-trang-nam
Đầm Dự tiệc màu Xanh 965,SKU-0965,san-pham-mau-965,Mô tả chi tiết cho sản phẩm số 965,105000,154000,INACTIVE,thoi-trang-nu,giay-dep-nam,thoi-trang-nam
Váy Thể thao màu Hồng 966,SKU-0966,san-pham-mau-966,Mô tả chi tiết cho sản phẩm số 966,585000,624000,ACTIVE,quan-nam
Quần Thể thao màu Đỏ 967,SKU-0967,san-pham-mau-967,Mô tả chi tiết cho sản phẩm số 967,713000,759000,DRAFT,thoi-trang-nu
Giày Công sở màu Hồng 968,SKU-0968,san-pham-mau-968,Mô tả chi tiết cho sản phẩm số 968,400000,441000,ACTIVE,thoi-trang-nam
Túi Thể thao màu Vàng 969,SKU-0969,san-pham-mau-969,Mô tả chi tiết cho sản phẩm số 969,441000,458000,INACTIVE,giay-dep-nam
Áo Công sở màu Xanh 970,SKU-0970,san-pham-mau-970,Mô tả chi tiết cho sản phẩm số 970,583000,613000,INACTIVE,thoi-trang-nam,ao-nam,quan-nam
Giày Thể thao màu Đỏ 971,SKU-0971,san-pham-mau-971,Mô tả chi tiết cho sản phẩm số 971,847000,859000,ACTIVE,ao-nam,thoi-trang-nu
Áo Dạo phố màu Hồng 972,SKU-0972,san-pham-mau-972,Mô tả chi tiết cho sản phẩm số 972,154000,194000,DRAFT,giay-dep-nam,quan-nam,thoi-trang-nam
Giày Dự tiệc màu Vàng 973,SKU-0973,san-pham-mau-973,Mô tả chi tiết cho sản phẩm số 973,306000,354000,INACTIVE,thoi-trang-nu,thoi-trang-nam,ao-nam
Quần Công sở màu Hồng 974,SKU-0974,san-pham-mau-974,Mô tả chi tiết cho sản phẩm số 974,424000,453000,INACTIVE,quan-nam,ao-nam
Quần Dự tiệc màu Trắng 975,SKU-0975,san-pham-mau-975,Mô tả chi tiết cho sản phẩm số 975,186000,233000,INACTIVE,giay-dep-nam,quan-nam
Quần Dạo phố màu Vàng 976,SKU-0976,san-pham-mau-976,Mô tả chi tiết cho sản phẩm số 976,302000,342000,ACTIVE,thoi-trang-nam,quan-nam
Giày Dạo phố màu Trắng 977,SKU-0977,san-pham-mau-977,Mô tả chi tiết cho sản phẩm số 977,961000,1001000,INACTIVE,thoi-trang-nu,quan-nam,giay-dep-nam
Đầm Dự tiệc màu Xanh 978,SKU-0978,san-pham-mau-978,Mô tả chi tiết cho sản phẩm số 978,840000,857000,DRAFT,giay-dep-nam
Váy Công sở màu Đỏ 979,SKU-0979,san-pham-mau-979,Mô tả chi tiết cho sản phẩm số 979,729000,747000,ACTIVE,giay-dep-nam,thoi-trang-nam,ao-nam
Giày Dạo phố màu Xanh 980,SKU-0980,san-pham-mau-980,Mô tả chi tiết cho sản phẩm số 980,105000,122000,INACTIVE,thoi-trang-nu,giay-dep-nam
Váy Dạo phố màu Xanh 981,SKU-0981,san-pham-mau-981,Mô tả chi tiết cho sản phẩm số 981,662000,682000,INACTIVE,thoi-trang-nam,ao-nam,giay-dep-nam
Túi Công sở màu Đỏ 982,SKU-0982,san-pham-mau-982,Mô tả chi tiết cho sản phẩm số 982,999000,1044000,ACTIVE,giay-dep-nam,thoi-trang-nam,quan-nam
Đầm Công sở màu Hồng 983,SKU-0983,san-pham-mau-983,Mô tả chi tiết cho sản phẩm số 983,614000,633000,INACTIVE,giay-dep-nam
Đầm Thể thao màu Vàng 984,SKU-0984,san-pham-mau-984,Mô tả chi tiết cho sản phẩm số 984,870000,905000,DRAFT,quan-nam,giay-dep-nam,thoi-trang-nam
Váy Dự tiệc màu Đen 985,SKU-0985,san-pham-mau-985,Mô tả chi tiết cho sản phẩm số 985,355000,378000,ACTIVE,giay-dep-nam,thoi-trang-nam,ao-nam
Túi Dạo phố màu Vàng 986,SKU-0986,san-pham-mau-986,Mô tả chi tiết cho sản phẩm số 986,815000,829000,INACTIVE,thoi-trang-nu
Quần Dự tiệc màu Vàng 987,SKU-0987,san-pham-mau-987,Mô tả chi tiết cho sản phẩm số 987,969000,986000,ACTIVE,thoi-trang-nu,ao-nam
Đầm Thể thao màu Xanh 988,SKU-0988,san-pham-mau-988,Mô tả chi tiết cho sản phẩm số 988,372000,397000,ACTIVE,quan-nam,thoi-trang-nu
Giày Dự tiệc màu Hồng 989,SKU-0989,san-pham-mau-989,Mô tả chi tiết cho sản phẩm số 989,915000,934000,INACTIVE,ao-nam,giay-dep-nam
Giày Thể thao màu Trắng 990,SKU-0990,san-pham-mau-990,Mô tả chi tiết cho sản phẩm số 990,924000,972000,INACTIVE,ao-nam
Áo Thể thao màu Đen 991,SKU-0991,san-pham-mau-991,Mô tả chi tiết cho sản phẩm số 991,393000,418000,INACTIVE,thoi-trang-nu
Giày Dự tiệc màu Đỏ 992,SKU-0992,san-pham-mau-992,Mô tả chi tiết cho sản phẩm số 992,276000,315000,DRAFT,ao-nam,thoi-trang-nam
Túi Dự tiệc màu Đen 993,SKU-0993,san-pham-mau-993,Mô tả chi tiết cho sản phẩm số 993,175000,187000,ACTIVE,giay-dep-nam
Đầm Dự tiệc màu Trắng 994,SKU-0994,san-pham-mau-994,Mô tả chi tiết cho sản phẩm số 994,575000,607000,DRAFT,giay-dep-nam,thoi-trang-nu,ao-nam
Quần Công sở màu Đỏ 995,SKU-0995,san-pham-mau-995,Mô tả chi tiết cho sản phẩm số 995,519000,558000,DRAFT,quan-nam,ao-nam
Áo Dự tiệc màu Trắng 996,SKU-0996,san-pham-mau-996,Mô tả chi tiết cho sản phẩm số 996,405000,443000,DRAFT,giay-dep-nam,quan-nam
Đầm Thể thao màu Xanh 997,SKU-0997,san-pham-mau-997,Mô tả chi tiết cho sản phẩm số 997,691000,717000,INACTIVE,thoi-trang-nu,thoi-trang-nam
Giày Dạo phố màu Đen 998,SKU-0998,san-pham-mau-998,Mô tả chi tiết cho sản phẩm số 998,766000,809000,INACTIVE,giay-dep-nam
Váy Dự tiệc màu Xanh 999,SKU-0999,san-pham-mau-999,Mô tả chi tiết cho sản phẩm số 999,574000,594000,ACTIVE,thoi-trang-nam
Áo Dự tiệc màu Xanh 1000,SKU-1000,san-pham-mau-1000,Mô tả chi tiết cho sản phẩm số 1000,711000,752000,ACTIVE,ao-nam
